Time,X,Y,Z
1448406644641.52,N/A,N/A,N/A,
219141.897142792,0.241897583007812,0.0062103271484375,-0.97760009765625,
219141.917101792,0.220932006835938,-0.006591796875,-0.981979370117188,
219141.937059792,0.228988647460938,-0.010528564453125,-0.974212646484375,
219141.956987792,0.235397338867188,0.005157470703125,-0.970718383789062,
219141.976946792,0.238388061523438,0.006591796875,-0.96484375,
219141.996904792,0.237457275390625,-0.0017242431640625,-0.964401245117188,
219142.016832792,0.238937377929688,0.0002593994140625,-0.97076416015625,
219142.036791792,0.240890502929688,0.0056915283203125,-0.97564697265625,
219142.056749792,0.236923217773438,0.0017547607421875,-0.97515869140625,
219142.076708792,0.234466552734375,-0.004150390625,-0.97076416015625,
219142.096666792,0.231918334960938,0.000732421875,-0.972198486328125,
219142.116625792,0.232376098632812,0.0061492919921875,-0.9755859375,
219142.136553792,0.233383178710938,0.004669189453125,-0.974136352539062,
219142.156511792,0.231948852539062,-0.004150390625,-0.97174072265625,
219142.176470792,0.2314453125,-0.002197265625,-0.972213745117188,
219142.196428792,0.234909057617188,0.0026702880859375,-0.966812133789062,
219142.216356792,0.236923217773438,0.002655029296875,-0.963394165039062,
219142.236315792,0.242965698242188,-0.000701904296875,-0.967361450195312,
219142.256273792,0.25653076171875,-0.009765625,-0.99737548828125,
219142.276201792,0.273971557617188,0.008697509765625,-0.961593627929688,
219142.296160792,0.238693237304688,-0.0443267822265625,-1.0499267578125,
219142.316118792,0.286575317382812,-0.066680908203125,-0.968032836914062,
219142.336077792,0.262893676757812,-0.048248291015625,-0.955047607421875,
219142.356005792,0.287765502929688,-0.0264434814453125,-0.972671508789062,
219142.375963792,0.31134033203125,-0.024566650390625,-0.944366455078125,
219142.395922792,0.265792846679688,-0.0292816162109375,-0.927017211914062,
219142.415880792,0.2706298828125,-0.014312744140625,-0.96661376953125,
219142.435839792,0.23712158203125,-0.024658203125,-0.983169555664062,
219142.455767792,0.264068603515625,-0.0126495361328125,-1.00135803222656,
219142.475725792,0.271469116210938,0.00115966796875,-1.0125732421875,
219142.495684792,0.253921508789062,0.0001373291015625,-1.01737976074219,
219142.515642792,0.244873046875,0.0073089599609375,-0.995742797851562,
219142.535601792,0.2186279296875,0.02972412109375,-0.992507934570312,
219142.555529792,0.220138549804688,0.0316009521484375,-0.977325439453125,
219142.575487792,0.242111206054688,-0.0194091796875,-0.956207275390625,
219142.595446792,0.244033813476562,-0.07330322265625,-0.960983276367188,
219142.615404792,0.25067138671875,-0.0861358642578125,-0.942001342773438,
219142.635332792,0.275222778320312,-0.078887939453125,-0.90631103515625,
219142.655290792,0.271682739257812,-0.0731353759765625,-0.888137817382812,
219142.675249792,0.27056884765625,-0.058868408203125,-0.8963623046875,
219142.695207792,0.283843994140625,-0.0259857177734375,-0.892791748046875,
219142.715135792,0.303695678710938,-0.006072998046875,-0.92706298828125,
219142.735094792,0.260879516601562,0.015045166015625,-0.966384887695312,
219142.755052792,0.197250366210938,0.0122528076171875,-0.959197998046875,
219142.775011792,0.213088989257812,-0.0225982666015625,-0.937469482421875,
219142.794939792,0.263397216796875,-0.045928955078125,-0.9334716796875,
219142.814897792,0.284332275390625,-0.030609130859375,-0.937408447265625,
219142.834856792,0.279052734375,0.000335693359375,-0.952362060546875,
219142.854814792,0.2764892578125,0.0077056884765625,-0.958175659179688,
219142.874742792,0.276565551757812,-0.003509521484375,-0.963638305664062,
219142.894701792,0.272171020507812,-0.0201416015625,-0.973526000976562,
219142.914659792,0.263534545898438,-0.0016632080078125,-0.955230712890625,
219142.934618792,0.265029907226562,-0.000244140625,-0.9459228515625,
219142.954546792,0.307846069335938,-0.0251312255859375,-0.933090209960938,
219142.974504792,0.326889038085938,-0.027374267578125,-0.952316284179688,
219142.994463792,0.326171875,-0.003692626953125,-0.978607177734375,
219143.014421792,0.3017578125,0.0422515869140625,-0.975723266601562,
219143.034349792,0.272476196289062,0.068603515625,-0.97686767578125,
219143.054308792,0.21533203125,0.071197509765625,-0.96282958984375,
219143.074266792,0.195541381835938,0.042999267578125,-0.935958862304688,
219143.094194792,0.211166381835938,0.029388427734375,-0.9444580078125,
219143.114153792,0.237136840820312,0.04034423828125,-0.952865600585938,
219143.134111792,0.24615478515625,0.0404205322265625,-0.958786010742188,
219143.154070792,0.23187255859375,0.011810302734375,-0.939300537109375,
219143.173998792,0.271392822265625,-0.0339813232421875,-0.878570556640625,
219143.193956792,0.39068603515625,0.021331787109375,-0.935684204101562,
219143.213915792,0.430984497070312,0.110733032226562,-1.01321411132812,
219143.233843792,0.379226684570312,0.127670288085938,-1.01673889160156,
219143.253801792,0.295501708984375,0.0693359375,-1.00001525878906,
219143.273760792,0.233489990234375,0.051849365234375,-0.991958618164062,
219143.293718792,0.234466552734375,0.0566864013671875,-0.981643676757812,
219143.313646792,0.248489379882812,0.0587005615234375,-0.979751586914062,
219143.333605792,0.256881713867188,0.0178375244140625,-0.944290161132812,
219143.353563792,0.23577880859375,-0.0358428955078125,-0.920516967773438,
219143.373522792,0.221771240234375,-0.096527099609375,-0.867446899414062,
219143.393450792,0.264541625976562,-0.109390258789062,-0.817794799804688,
219143.413408792,0.38116455078125,-0.0424652099609375,-0.931137084960938,
219143.433367792,0.52288818359375,0.0810394287109375,-1.0589599609375,
219143.453295792,0.546859741210938,0.150527954101562,-1.10076904296875,
219143.473253792,0.4580078125,0.049224853515625,-1.03579711914062,
219143.493212792,0.35076904296875,-0.064697265625,-0.926712036132812,
219143.513140792,0.329605102539062,-0.10443115234375,-0.8597412109375,
219143.533098792,0.339691162109375,-0.0465545654296875,-0.854522705078125,
219143.553057792,0.34893798828125,0.04730224609375,-0.88629150390625,
219143.573015792,0.376327514648438,0.126632690429688,-0.930999755859375,
219143.592943792,0.41412353515625,0.161712646484375,-0.9461669921875,
219143.612902792,0.453125,0.170364379882812,-0.970321655273438,
219143.632830792,0.477737426757812,0.104598999023438,-0.940505981445312,
219143.652788792,0.457473754882812,0.0101318359375,-0.900833129882812,
219143.672747792,0.427337646484375,-0.0435638427734375,-0.878982543945312,
219143.692705792,0.442367553710938,-0.0391845703125,-0.862869262695312,
219143.712633792,0.478668212890625,-0.0031890869140625,-0.87017822265625,
219143.732592792,0.482818603515625,0.03912353515625,-0.8919677734375,
219143.752550792,0.45550537109375,0.0679931640625,-0.903396606445312,
219143.772478792,0.440109252929688,0.054046630859375,-0.87841796875,
219143.792436792,0.424331665039062,0.0230255126953125,-0.868240356445312,
219143.812364792,0.404388427734375,0.0078125,-0.8814697265625,
219143.832392125,0.408340454101562,0.0109405517578125,-0.908401489257812,
219143.852350125,0.41424560546875,0.0218505859375,-0.923065185546875,
219143.872278125,0.402084350585938,0.03753662109375,-0.932693481445312,
219143.892237125,0.38946533203125,0.0487518310546875,-0.93206787109375,
219143.912195125,0.38897705078125,0.048248291015625,-0.929611206054688,
219143.932123125,0.39202880859375,0.0428314208984375,-0.923782348632812,
219143.952082125,0.391586303710938,0.0363922119140625,-0.914031982421875,
219143.972040125,0.401107788085938,0.03741455078125,-0.914077758789062,
219143.991968125,0.412643432617188,0.035980224609375,-0.910232543945312,
219144.011927125,0.422683715820312,0.033599853515625,-0.914215087890625,
219144.031855125,0.433761596679688,0.0277557373046875,-0.912353515625,
219144.051813125,0.442337036132812,0.0218658447265625,-0.90655517578125,
219144.071772125,0.432785034179688,0.0252532958984375,-0.906982421875,
219144.091700125,0.416595458984375,0.0448150634765625,-0.909210205078125,
219144.111658125,0.4119873046875,0.05657958984375,-0.91351318359375,
219144.131617125,0.410018920898438,0.05072021484375,-0.917465209960938,
219144.151575125,0.398101806640625,0.035491943359375,-0.921905517578125,
219144.171503125,0.396163940429688,0.0266571044921875,-0.922943115234375,
219144.191462125,0.42578125,0.0223388671875,-0.916259765625,
219144.211420125,0.437850952148438,0.0113983154296875,-0.959518432617188,
219144.231348125,0.408203125,0.015838623046875,-0.98577880859375,
219144.251307125,0.444747924804688,0.027099609375,-0.957489013671875,
219144.271265125,0.530044555664062,0.0138092041015625,-0.966842651367188,
219144.291193125,0.522598266601562,-0.0096435546875,-1.06101989746094,
219144.311152125,0.435928344726562,0.0341796875,-1.15481567382812,
219144.331110125,0.369247436523438,0.0339813232421875,-1.17308044433594,
219144.351069125,0.320175170898438,-0.033905029296875,-1.16836547851562,
219144.371027125,0.25555419921875,-0.105209350585938,-1.18170166015625,
219144.390955125,0.183425903320312,-0.109939575195312,-1.18232727050781,
219144.410914125,0.15472412109375,-0.09295654296875,-1.17617797851562,
219144.430872125,0.142715454101562,-0.0935211181640625,-1.17073059082031,
219144.450800125,0.0868682861328125,-0.132476806640625,-1.17558288574219,
219144.470759125,-0.0054931640625,-0.177017211914062,-1.17733764648438,
219144.490717125,-0.0499420166015625,-0.195877075195312,-1.17184448242188,
219144.510676125,-0.01953125,-0.177001953125,-1.19049072265625,
219144.530604125,0.0277862548828125,-0.142425537109375,-1.19590759277344,
219144.550562125,-0.0197601318359375,-0.148101806640625,-1.18638610839844,
219144.570521125,-0.111007690429688,-0.203659057617188,-1.14755249023438,
219144.590479125,-0.156463623046875,-0.2791748046875,-1.09930419921875,
219144.610407125,-0.16119384765625,-0.380645751953125,-1.10581970214844,
219144.630366125,-0.204071044921875,-0.408340454101562,-1.09841918945312,
219144.650324125,-0.184890747070312,-0.297897338867188,-1.10514831542969,
219144.670283125,-0.241744995117188,-0.207443237304688,-1.10818481445312,
219144.690241125,-0.338043212890625,-0.191482543945312,-1.06396484375,
219144.710169125,-0.396499633789062,-0.20538330078125,-1.00102233886719,
219144.730128125,-0.412673950195312,-0.240737915039062,-0.92425537109375,
219144.750086125,-0.459030151367188,-0.326263427734375,-0.844223022460938,
219144.770045125,-0.528121948242188,-0.39398193359375,-0.804611206054688,
219144.789973125,-0.592559814453125,-0.417007446289062,-0.7760009765625,
219144.809931125,-0.614654541015625,-0.407958984375,-0.750350952148438,
219144.829890125,-0.604904174804688,-0.369369506835938,-0.71978759765625,
219144.849817125,-0.602203369140625,-0.324447631835938,-0.688156127929688,
219144.869776125,-0.593887329101562,-0.297042846679688,-0.675765991210938,
219144.889734125,-0.609054565429688,-0.277145385742188,-0.654495239257812,
219144.909693125,-0.647750854492188,-0.254638671875,-0.595840454101562,
219144.929621125,-0.643524169921875,-0.27032470703125,-0.513168334960938,
219144.949579125,-0.623245239257812,-0.292572021484375,-0.469345092773438,
219144.969538125,-0.660980224609375,-0.331298828125,-0.419418334960938,
219144.989496125,-0.73065185546875,-0.324050903320312,-0.373443603515625,
219145.009424125,-0.740371704101562,-0.292526245117188,-0.325180053710938,
219145.029383125,-0.732025146484375,-0.271820068359375,-0.33929443359375,
219145.049341125,-0.760055541992188,-0.273544311523438,-0.318572998046875,
219145.069269125,-0.795578002929688,-0.275466918945312,-0.272354125976562,
219145.089228125,-0.791427612304688,-0.284133911132812,-0.216094970703125,
219145.109186125,-0.75518798828125,-0.29937744140625,-0.181594848632812,
219145.129145125,-0.73907470703125,-0.304855346679688,-0.1572265625,
219145.149103125,-0.764297485351562,-0.28155517578125,-0.136856079101562,
219145.169062125,-0.81640625,-0.27764892578125,-0.09490966796875,
219145.188990125,-0.815887451171875,-0.272537231445312,-0.0478515625,
219145.208948125,-0.775253295898438,-0.273971557617188,-0.024566650390625,
219145.228907125,-0.774520874023438,-0.298690795898438,0.008575439453125,
219145.248865125,-0.809341430664062,-0.325119018554688,0.0556182861328125,
219145.268824125,-0.801910400390625,-0.306716918945312,0.0958709716796875,
219145.288782125,-0.76214599609375,-0.323440551757812,0.133758544921875,
219145.308710125,-0.7667236328125,-0.31231689453125,0.154922485351562,
219145.328669125,-0.798797607421875,-0.307769775390625,0.189407348632812,
219145.348627125,-0.811492919921875,-0.341995239257812,0.243148803710938,
219145.368586125,-0.830230712890625,-0.31988525390625,0.221343994140625,
219145.388544125,-0.832489013671875,-0.344711303710938,0.270675659179688,
219145.408503125,-0.831069946289062,-0.332962036132812,0.273681640625,
219145.428461125,-0.83355712890625,-0.332107543945312,0.293289184570312,
219145.448389125,-0.837631225585938,-0.323394775390625,0.306594848632812,
219145.468348125,-0.858840942382812,-0.30474853515625,0.290664672851562,
219145.488306125,-0.889602661132812,-0.2841796875,0.270889282226562,
219145.508234125,-0.88916015625,-0.275848388671875,0.27044677734375,
219145.528193125,-0.872909545898438,-0.298080444335938,0.309890747070312,
219145.548151125,-0.871231079101562,-0.317306518554688,0.327880859375,
219145.568110125,-0.870269775390625,-0.3095703125,0.346542358398438,
219145.588038125,-0.829666137695312,-0.305191040039062,0.381637573242188,
219145.607996125,-0.813858032226562,-0.277114868164062,0.372909545898438,
219145.627955125,-0.866378784179688,-0.23016357421875,0.351455688476562,
219145.647913125,-0.884552001953125,-0.215927124023438,0.335479736328125,
219145.667872125,-0.870361328125,-0.233108520507812,0.350479125976562,
219145.687800125,-0.87322998046875,-0.247955322265625,0.3704833984375,
219145.707758125,-0.882293701171875,-0.242568969726562,0.36468505859375,
219145.727717125,-0.892562866210938,-0.2178955078125,0.332077026367188,
219145.747675125,-0.896194458007812,-0.202682495117188,0.327301025390625,
219145.767603125,-0.90875244140625,-0.197418212890625,0.338668823242188,
219145.787562125,-0.914962768554688,-0.174346923828125,0.32806396484375,
219145.807520125,-0.891921997070312,-0.174163818359375,0.316680908203125,
219145.827479125,-0.906890869140625,-0.186309814453125,0.28778076171875,
219145.847407125,-0.951400756835938,-0.198776245117188,0.287445068359375,
219145.867365125,-0.967849731445312,-0.207275390625,0.302658081054688,
219145.887324125,-0.96240234375,-0.197998046875,0.31298828125,
219145.907252125,-0.965423583984375,-0.196533203125,0.313003540039062,
219145.927210125,-0.960235595703125,-0.217193603515625,0.327056884765625,
219145.947169125,-0.937088012695312,-0.230728149414062,0.313613891601562,
219145.967097125,-0.931137084960938,-0.223785400390625,0.3043212890625,
219145.987055125,-0.933700561523438,-0.21832275390625,0.2906494140625,
219146.007014125,-0.9281005859375,-0.229995727539062,0.281234741210938,
219146.026972125,-0.905868530273438,-0.251068115234375,0.295196533203125,
219146.046931125,-0.8897705078125,-0.260772705078125,0.289657592773438,
219146.066859125,-0.88775634765625,-0.262664794921875,0.281295776367188,
219146.086817125,-0.911453247070312,-0.2484130859375,0.257522583007812,
219146.106776125,-0.954605102539062,-0.241287231445312,0.263671875,
219146.126734125,-0.960006713867188,-0.254119873046875,0.273422241210938,
219146.146692125,-0.941909790039062,-0.259017944335938,0.285537719726562,
219146.166651125,-0.936447143554688,-0.2535400390625,0.275741577148438,
219146.186579125,-0.939544677734375,-0.240829467773438,0.279266357421875,
219146.206537125,-0.928024291992188,-0.24078369140625,0.280685424804688,
219146.226496125,-0.9169921875,-0.2421875,0.278167724609375,
219146.246454125,-0.927520751953125,-0.241744995117188,0.277725219726562,
219146.266413125,-0.93902587890625,-0.245208740234375,0.275802612304688,
219146.286341125,-0.936050415039062,-0.240325927734375,0.281219482421875,
219146.306299125,-0.927566528320312,-0.234405517578125,0.280715942382812,
219146.326258125,-0.941696166992188,-0.224609375,0.27056884765625,
219146.346186125,-0.945281982421875,-0.216690063476562,0.257415771484375,
219146.366144125,-0.930160522460938,-0.22552490234375,0.269027709960938,
219146.386103125,-0.923538208007812,-0.238311767578125,0.280670166015625,
219146.406061125,-0.928115844726562,-0.230911254882812,0.26947021484375,
219146.426020125,-0.934295654296875,-0.213638305664062,0.247085571289062,
219146.445948125,-0.93084716796875,-0.205307006835938,0.25006103515625,
219146.465906125,-0.936767578125,-0.218521118164062,0.242172241210938,
219146.485865125,-0.94561767578125,-0.239654541015625,0.244033813476562,
219146.505823125,-0.93743896484375,-0.257369995117188,0.261520385742188,
219146.525782125,-0.932525634765625,-0.245513916015625,0.249313354492188,
219146.545710125,-0.940261840820312,-0.219497680664062,0.239730834960938,
219146.565668125,-0.942764282226562,-0.22052001953125,0.24365234375,
219146.585627125,-0.934616088867188,-0.233810424804688,0.259201049804688,
219146.605585125,-0.931045532226562,-0.241668701171875,0.263046264648438,
219146.625544125,-0.92608642578125,-0.234344482421875,0.270919799804688,
219146.645472125,-0.924652099609375,-0.224960327148438,0.26263427734375,
219146.665430125,-0.928634643554688,-0.227493286132812,0.272933959960938,
219146.685389125,-0.914993286132812,-0.23785400390625,0.292388916015625,
219146.705347125,-0.89898681640625,-0.23486328125,0.296722412109375,
219146.725275125,-0.904556274414062,-0.227020263671875,0.291427612304688,
219146.745234125,-0.9056396484375,-0.219131469726562,0.283645629882812,
219146.765192125,-0.899063110351562,-0.224090576171875,0.296798706054688,
219146.785120125,-0.874969482421875,-0.2279052734375,0.299087524414062,
219146.805079125,-0.872406005859375,-0.23712158203125,0.283828735351562,
219146.825037125,-0.918670654296875,-0.22576904296875,0.23760986328125,
219146.844996125,-0.920135498046875,-0.229278564453125,0.249359130859375,
219146.864954125,-0.873336791992188,-0.249282836914062,0.269058227539062,
219146.884882125,-0.833251953125,-0.246246337890625,0.281600952148438,
219146.904841125,-0.808700561523438,-0.244155883789062,0.280502319335938,
219146.924799125,-0.825424194335938,-0.23065185546875,0.225326538085938,
219146.944758125,-0.859664916992188,-0.210647583007812,0.214859008789062,
219146.964716125,-0.87744140625,-0.241287231445312,0.2421875,
219146.984644125,-0.834182739257812,-0.256973266601562,0.272720336914062,
219147.004603125,-0.789886474609375,-0.280807495117188,0.2738037109375,
219147.024561125,-0.798187255859375,-0.256332397460938,0.19610595703125,
219147.044520125,-0.845321655273438,-0.257400512695312,0.17431640625,
219147.064478125,-0.880096435546875,-0.292510986328125,0.199737548828125,
219147.084437125,-0.831283569335938,-0.315414428710938,0.211578369140625,
219147.104395125,-0.75616455078125,-0.310989379882812,0.18572998046875,
219147.124323125,-0.7137451171875,-0.296234130859375,0.1312255859375,
219147.144282125,-0.712570190429688,-0.319686889648438,0.118820190429688,
219147.164240125,-0.717056274414062,-0.326919555664062,0.09478759765625,
219147.184199125,-0.6317138671875,-0.344192504882812,0.0966644287109375,
219147.204127125,-0.530471801757812,-0.413131713867188,0.0618743896484375,
219147.224085125,-0.5400390625,-0.4246826171875,-0.0571746826171875,
219147.244044125,-0.635055541992188,-0.391128540039062,-0.0824127197265625,
219147.264002125,-0.641189575195312,-0.376480102539062,-0.0768890380859375,
219147.283930125,-0.583770751953125,-0.478988647460938,-0.106765747070312,
219147.303889125,-0.605499267578125,-0.537689208984375,-0.22265625,
219147.323847125,-0.667083740234375,-0.553817749023438,-0.27532958984375,
219147.343806125,-0.627487182617188,-0.560699462890625,-0.321640014648438,
219147.363764125,-0.525665283203125,-0.58135986328125,-0.394821166992188,
219147.383692125,-0.556991577148438,-0.625167846679688,-0.468917846679688,
219147.403651125,-0.753265380859375,-0.599502563476562,-0.558822631835938,
219147.423609125,-0.774856567382812,-0.5914306640625,-0.534149169921875,
219147.443567125,-0.610916137695312,-0.667343139648438,-0.583038330078125,
219147.463526125,-0.481414794921875,-0.709182739257812,-0.697174072265625,
219147.483454125,-0.3975830078125,-0.605545043945312,-0.747406005859375,
219147.503412125,-0.372329711914062,-0.51092529296875,-0.80670166015625,
219147.523371125,-0.3560791015625,-0.484939575195312,-0.875686645507812,
219147.543329125,-0.323226928710938,-0.4652099609375,-0.94921875,
219147.563257125,-0.327987670898438,-0.44329833984375,-1.00735473632812,
219147.583216125,-0.312210083007812,-0.535003662109375,-0.991378784179688,
219147.603174125,-0.302764892578125,-0.654510498046875,-1.00346374511719,
219147.623133125,-0.291046142578125,-0.679931640625,-1.00517272949219,
219147.643091125,-0.214828491210938,-0.674072265625,-0.946258544921875,
219147.663050125,-0.162246704101562,-0.611312866210938,-0.988754272460938,
219147.682978125,-0.134765625,-0.601791381835938,-1.00157165527344,
219147.702936125,-0.174972534179688,-0.533432006835938,-1.06509399414062,
219147.722895125,-0.12493896484375,-0.518692016601562,-1.03244018554688,
219147.742853125,-0.0101318359375,-0.471038818359375,-1.12338256835938,
219147.762812125,0.06329345703125,-0.391159057617188,-1.22221374511719,
219147.782770125,0.13653564453125,-0.325546264648438,-1.15408325195312,
219147.802698125,0.16339111328125,-0.2314453125,-1.13009643554688,
219147.822657125,0.189865112304688,-0.277725219726562,-1.08056640625,
219147.842615125,0.164276123046875,-0.408432006835938,-1.13076782226562,
219147.862574125,0.103759765625,-0.426315307617188,-1.13496398925781,
219147.882502125,0.15667724609375,-0.329254150390625,-1.09494018554688,
219147.902460125,0.23065185546875,-0.235916137695312,-1.07316589355469,
219147.922419125,0.295074462890625,-0.195846557617188,-1.00564575195312,
219147.942377125,0.349853515625,-0.203399658203125,-0.932998657226562,
219147.962305125,0.361831665039062,-0.196029663085938,-0.925674438476562,
219147.982264125,0.377944946289062,-0.143966674804688,-0.930313110351562,
219148.002222125,0.425689697265625,-0.0900421142578125,-0.89593505859375,
219148.022181125,0.40533447265625,-0.0433807373046875,-0.845550537109375,
219148.042139125,0.386367797851562,-0.0537567138671875,-0.84503173828125,
219148.062098125,0.42279052734375,-0.0958099365234375,-0.836181640625,
219148.082026125,0.477325439453125,-0.0875701904296875,-0.861892700195312,
219148.101984125,0.7476806640625,-0.0427703857421875,-1.24467468261719,
219148.121943125,0.722640991210938,0.0212554931640625,-1.23432922363281,
219148.141901125,0.41387939453125,-0.152389526367188,-1.12701416015625,
219148.161860125,0.23101806640625,-0.382186889648438,-0.887969970703125,
219148.181788125,0.2178955078125,-0.36114501953125,-0.81280517578125,
219148.201746125,0.335220336914062,-0.176666259765625,-0.827423095703125,
219148.221705125,0.43768310546875,-0.0227813720703125,-0.901931762695312,
219148.241633125,0.49395751953125,0.016937255859375,-0.943115234375,
219148.261591125,0.517471313476562,-0.041778564453125,-0.942642211914062,
219148.281550125,0.495559692382812,-0.11663818359375,-0.903823852539062,
219148.301508125,0.448074340820312,-0.191635131835938,-0.862411499023438,
219148.321467125,0.43408203125,-0.195205688476562,-0.849136352539062,
219148.341425125,0.457183837890625,-0.139602661132812,-0.865066528320312,
219148.361384125,0.464706420898438,-0.080108642578125,-0.886276245117188,
219148.381342125,0.466033935546875,-0.057525634765625,-0.891525268554688,
219148.401301125,0.458099365234375,-0.0688018798828125,-0.895965576171875,
219148.421229125,0.440399169921875,-0.1092529296875,-0.870162963867188,
219148.441187125,0.439117431640625,-0.137222290039062,-0.867889404296875,
219148.461146125,0.459579467773438,-0.126800537109375,-0.871368408203125,
219148.481104125,0.473892211914062,-0.10162353515625,-0.890869140625,
219148.501063125,0.46630859375,-0.0946807861328125,-0.907928466796875,
219148.520991125,0.456283569335938,-0.0937652587890625,-0.904449462890625,
219148.540949125,0.445297241210938,-0.098724365234375,-0.9029541015625,
219148.560908125,0.436279296875,-0.0997772216796875,-0.89898681640625,
219148.580866125,0.433807373046875,-0.103713989257812,-0.899002075195312,
219148.600825125,0.436798095703125,-0.101715087890625,-0.902923583984375,
219148.620783125,0.440261840820312,-0.0958404541015625,-0.89801025390625,
219148.640711125,0.444290161132812,-0.09637451171875,-0.888229370117188,
219148.660670125,0.446853637695312,-0.105133056640625,-0.897613525390625,
219148.680628125,0.451400756835938,-0.110000610351562,-0.899139404296875,
219148.700587125,0.450897216796875,-0.110015869140625,-0.896682739257812,
219148.720515125,0.4478759765625,-0.106674194335938,-0.8853759765625,
219148.740473125,0.44940185546875,-0.106765747070312,-0.869705200195312,
219148.760432125,0.449417114257812,-0.111099243164062,-0.881500244140625,
219148.780390125,0.444961547851562,-0.116119384765625,-0.867294311523438,
219148.800318125,0.457489013671875,-0.117874145507812,-0.890884399414062,
219148.820276125,0.469955444335938,-0.109024047851562,-0.885513305664062,
219148.840301917,0.458999633789062,-0.118408203125,-0.883071899414062,
219148.860259917,0.453048706054688,-0.126739501953125,-0.886032104492188,
219148.880218917,0.445510864257812,-0.123367309570312,-0.883514404296875,
219148.900146917,0.435867309570312,-0.109130859375,-0.891693115234375,
219148.920104917,0.43682861328125,-0.10467529296875,-0.900009155273438,
219148.940063917,0.450942993164062,-0.118270874023438,-0.91094970703125,
219148.960021917,0.463211059570312,-0.14434814453125,-0.884719848632812,
219148.979949917,0.487472534179688,-0.170700073242188,-0.888946533203125,
219148.999908917,0.474472045898438,-0.17559814453125,-0.897720336914062,
219149.019866917,0.45867919921875,-0.211257934570312,-0.930206298828125,
219149.039825917,0.525161743164062,-0.252151489257812,-0.927886962890625,
219149.059753917,0.6429443359375,-0.115203857421875,-0.868850708007812,
219149.079711917,0.616485595703125,0.0943145751953125,-1.07603454589844,
219149.099670917,0.502166748046875,-0.012176513671875,-0.9820556640625,
219149.119628917,0.493515014648438,-0.2415771484375,-0.9178466796875,
219149.139587917,0.40283203125,-0.385635375976562,-0.996200561523438,
219149.159545917,0.402938842773438,-0.400772094726562,-1.00559997558594,
219149.179473917,0.3809814453125,-0.352691650390625,-1.0272216796875,
219149.199432917,0.42596435546875,-0.341964721679688,-1.06315612792969,
219149.219390917,0.425582885742188,-0.30426025390625,-1.13540649414062,
219149.239349917,0.350311279296875,-0.178512573242188,-1.22824096679688,
219149.259307917,0.245803833007812,-0.20843505859375,-1.22200012207031,
219149.279266917,0.110000610351562,-0.335739135742188,-1.19123840332031,
219149.299224917,0.0421142578125,-0.361907958984375,-1.13226318359375,
219149.319152917,0.032012939453125,-0.346038818359375,-1.0885009765625,
219149.339111917,-0.021728515625,-0.334304809570312,-1.12242126464844,
219149.359069917,-0.100296020507812,-0.345626831054688,-1.09367370605469,
219149.379028917,-0.131011962890625,-0.38385009765625,-1.04182434082031,
219149.398986917,-0.160018920898438,-0.381484985351562,-0.969146728515625,
219149.418945917,-0.16448974609375,-0.335372924804688,-1.0570068359375,
219149.438873917,-0.196670532226562,-0.255722045898438,-1.03819274902344,
219149.458831917,-0.213836669921875,-0.298629760742188,-1.00947570800781,
219149.478790917,-0.166213989257812,-0.352386474609375,-0.924346923828125,
219149.498748917,-0.0604095458984375,-0.34130859375,-0.814620971679688,
219149.518707917,-0.0620269775390625,-0.272735595703125,-0.88421630859375,
219149.538665917,-0.0592193603515625,-0.24395751953125,-0.858566284179688,
219149.558593917,0.00994873046875,-0.297592163085938,-0.7764892578125,
219149.578552917,0.1103515625,-0.370681762695312,-0.696182250976562,
219149.598510917,0.08135986328125,-0.437286376953125,-0.651397705078125,
219149.618469917,-0.060577392578125,-0.492111206054688,-0.687728881835938,
219149.638427917,-0.0991363525390625,-0.554855346679688,-0.640411376953125,
219149.658386917,0.0045623779296875,-0.605697631835938,-0.588394165039062,
219149.678344917,0.023681640625,-0.605010986328125,-0.527252197265625,
219149.698272917,-0.04931640625,-0.572097778320312,-0.58984375,
219149.718231917,-0.079498291015625,-0.559951782226562,-0.594985961914062,
219149.738189917,0.0103912353515625,-0.6387939453125,-0.544052124023438,
219149.758148917,0.169296264648438,-0.75726318359375,-0.456512451171875,
219149.778106917,0.164230346679688,-0.821670532226562,-0.508346557617188,
219149.798065917,0.0265045166015625,-0.773147583007812,-0.527862548828125,
219149.818023917,0.0009307861328125,-0.769943237304688,-0.50958251953125,
219149.837951917,0.158401489257812,-0.836761474609375,-0.450607299804688,
219149.857910917,0.238937377929688,-0.878646850585938,-0.438079833984375,
219149.877868917,0.131790161132812,-0.833816528320312,-0.470535278320312,
219149.897827917,0.07720947265625,-0.839004516601562,-0.465377807617188,
219149.917755917,0.127349853515625,-0.895095825195312,-0.396926879882812,
219149.937713917,0.200759887695312,-0.921829223632812,-0.378875732421875,
219149.957672917,0.190185546875,-0.858352661132812,-0.425933837890625,
219149.977630917,0.099090576171875,-0.819656372070312,-0.485946655273438,
219149.997589917,0.0581817626953125,-0.902420043945312,-0.45001220703125,
219150.017547917,0.0760650634765625,-1.00599670410156,-0.416488647460938,
219150.037475917,0.0858306884765625,-0.970703125,-0.409454345703125,
219150.057434917,0.0834503173828125,-0.866500854492188,-0.453338623046875,
219150.077392917,0.0642852783203125,-0.856109619140625,-0.482070922851562,
219150.097351917,0.0471954345703125,-0.9093017578125,-0.45587158203125,
219150.117279917,0.0722808837890625,-0.980545043945312,-0.491744995117188,
219150.137237917,0.0573883056640625,-0.921890258789062,-0.395751953125,
219150.157196917,-0.0034637451171875,-0.846954345703125,-0.507125854492188,
219150.177154917,0.0027618408203125,-0.812088012695312,-0.512313842773438,
219150.197082917,0.029541015625,-0.833297729492188,-0.470962524414062,
219150.217040917,0.01849365234375,-0.888946533203125,-0.439422607421875,
219150.236999917,-0.0320281982421875,-0.913619995117188,-0.528961181640625,
219150.256957917,-0.0679931640625,-0.860565185546875,-0.494125366210938,
219150.276885917,0.0003204345703125,-0.874267578125,-0.449020385742188,
219150.296844917,-0.0363311767578125,-0.765869140625,-0.639175415039062,
219150.316802917,-0.0665283203125,-0.798019409179688,-0.537322998046875,
219150.336761917,-0.0387725830078125,-0.888031005859375,-0.548843383789062,
219150.356689917,-0.000518798828125,-0.903732299804688,-0.518768310546875,
219150.376647917,0.0115814208984375,-0.856414794921875,-0.549880981445312,
219150.396606917,0.0118255615234375,-0.824447631835938,-0.565841674804688,
219150.416564917,0.018035888671875,-0.846633911132812,-0.541534423828125,
219150.436523917,0.012237548828125,-0.871749877929688,-0.527450561523438,
219150.456451917,-0.008331298828125,-0.869293212890625,-0.545455932617188,
219150.476409917,-0.02685546875,-0.874221801757812,-0.5537109375,
219150.496368917,-0.0338287353515625,-0.878219604492188,-0.545379638671875,
219150.516296917,-0.0310211181640625,-0.851303100585938,-0.535903930664062,
219150.536254917,-0.0292205810546875,-0.827667236328125,-0.550949096679688,
219150.556213917,-0.035675048828125,-0.83746337890625,-0.559310913085938,
219150.576171917,-0.06005859375,-0.858657836914062,-0.558822631835938,
219150.596099917,-0.0554962158203125,-0.86077880859375,-0.529953002929688,
219150.616058917,-0.0235748291015625,-0.839141845703125,-0.515777587890625,
219150.636016917,-0.01324462890625,-0.817901611328125,-0.535293579101562,
219150.655975917,-0.0329132080078125,-0.804656982421875,-0.55029296875,
219150.675933917,-0.05426025390625,-0.828857421875,-0.537109375,
219150.695892917,-0.034454345703125,-0.858322143554688,-0.514862060546875,
219150.715850917,-0.014556884765625,-0.840530395507812,-0.523193359375,
219150.735809917,-0.0408782958984375,-0.808746337890625,-0.528228759765625,
219150.755737917,-0.0818328857421875,-0.835540771484375,-0.585494995117188,
219150.775695917,-0.066192626953125,-0.8336181640625,-0.49005126953125,
219150.795654917,-0.01751708984375,-0.846435546875,-0.520767211914062,
219150.815612917,-0.006072998046875,-0.833206176757812,-0.511428833007812,
219150.835571917,-0.0252227783203125,-0.825271606445312,-0.541152954101562,
219150.855529917,-0.0417633056640625,-0.826705932617188,-0.5592041015625,
219150.875488917,-0.035003662109375,-0.856674194335938,-0.54278564453125,
219150.895446917,-0.01434326171875,-0.86798095703125,-0.52386474609375,
219150.915374917,0.02557373046875,-0.84674072265625,-0.5205078125,
219150.935333917,0.0716705322265625,-0.840805053710938,-0.4952392578125,
219150.955291917,0.09735107421875,-0.853042602539062,-0.478302001953125,
219150.975250917,0.109909057617188,-0.851226806640625,-0.447494506835938,
219150.995208917,0.131332397460938,-0.836837768554688,-0.458297729492188,
219151.015167917,0.140594482421875,-0.803924560546875,-0.463027954101562,
219151.035125917,0.128021240234375,-0.803802490234375,-0.490890502929688,
219151.055084917,0.0990142822265625,-0.813613891601562,-0.511367797851562,
219151.075042917,0.0585174560546875,-0.827011108398438,-0.514678955078125,
219151.095001917,0.02459716796875,-0.853439331054688,-0.5479736328125,
219151.114959917,0.018768310546875,-0.87322998046875,-0.523086547851562,
219151.134887917,0.0279541015625,-0.835723876953125,-0.55621337890625,
219151.154846917,0.03790283203125,-0.7686767578125,-0.606781005859375,
219151.174804917,0.0383758544921875,-0.7071533203125,-0.64556884765625,
219151.194763917,0.012725830078125,-0.697433471679688,-0.6507568359375,
219151.214721917,0.00140380859375,-0.720657348632812,-0.630264282226562,
219151.234680917,0.02392578125,-0.7156982421875,-0.621536254882812,
219151.254638917,0.0610809326171875,-0.656784057617188,-0.610092163085938,
219151.274597917,0.070556640625,-0.597976684570312,-0.6763916015625,
219151.294555917,0.00689697265625,-0.541549682617188,-0.732009887695312,
219151.314514917,-0.083831787109375,-0.545074462890625,-0.781036376953125,
219151.334442917,-0.147491455078125,-0.606231689453125,-0.768844604492188,
219151.354400917,-0.112991333007812,-0.593414306640625,-0.755218505859375,
219151.374359917,-0.043304443359375,-0.537948608398438,-0.79541015625,
219151.394317917,-0.0620880126953125,-0.51373291015625,-0.839736938476562,
219151.414245917,-0.133087158203125,-0.536117553710938,-0.839981079101562,
219151.434204917,-0.147537231445312,-0.542282104492188,-0.804672241210938,
219151.454162917,-0.0886993408203125,-0.499038696289062,-0.77777099609375,
219151.474121917,-0.042572021484375,-0.4427490234375,-0.808517456054688,
219151.494079917,-0.095123291015625,-0.396530151367188,-0.869171142578125,
219151.514007917,-0.177047729492188,-0.37127685546875,-0.888153076171875,
219151.533966917,-0.176467895507812,-0.377777099609375,-0.869583129882812,
219151.553924917,-0.121749877929688,-0.382675170898438,-0.829742431640625,
219151.573883917,-0.110702514648438,-0.388412475585938,-0.844528198242188,
219151.593841917,-0.130752563476562,-0.397872924804688,-0.914047241210938,
219151.613800917,-0.19061279296875,-0.378707885742188,-0.965042114257812,
219151.633727917,-0.17767333984375,-0.366363525390625,-0.969451904296875,
219151.653686917,-0.0969390869140625,-0.372390747070312,-0.96697998046875,
219151.673644917,-0.0467376708984375,-0.385726928710938,-0.993301391601562,
219151.693603917,-0.0377349853515625,-0.3851318359375,-1.00314331054688,
219151.713561917,-0.05218505859375,-0.394119262695312,-0.987442016601562,
219151.733520917,-0.0567169189453125,-0.387405395507812,-0.96728515625,
219151.753478917,-0.033355712890625,-0.361831665039062,-0.963821411132812,
219151.773437917,-0.017974853515625,-0.345428466796875,-0.9873046875,
219151.793395917,0.016082763671875,-0.348098754882812,-1.00662231445312,
219151.813354917,0.05682373046875,-0.363235473632812,-0.987823486328125,
219151.833282917,0.10595703125,-0.362594604492188,-0.976333618164062,
219151.853240917,0.158477783203125,-0.353363037109375,-1.00103759765625,
219151.873199917,0.215011596679688,-0.33892822265625,-0.994888305664062,
219151.893157917,0.264495849609375,-0.320602416992188,-0.990615844726562,
219151.913116917,0.308853149414062,-0.2923583984375,-1.00537109375,
219151.933074917,0.356781005859375,-0.264801025390625,-0.986831665039062,
219151.953002917,0.41973876953125,-0.304702758789062,-0.990371704101562,
219151.972961917,0.43231201171875,-0.301513671875,-0.940444946289062,
219151.992919917,0.36737060546875,-0.204177856445312,-0.95172119140625,
219152.012878917,0.36767578125,-0.177276611328125,-0.941253662109375,
219152.032836917,0.4207763671875,-0.169357299804688,-0.9150390625,
219152.052795917,0.55096435546875,-0.168655395507812,-1.01223754882812,
219152.072753917,0.6351318359375,-0.119400024414062,-1.14610290527344,
219152.092712917,0.52520751953125,-0.157424926757812,-1.1031494140625,
219152.112670917,0.37872314453125,-0.36663818359375,-0.914627075195312,
219152.132598917,0.31298828125,-0.473373413085938,-0.8267822265625,
219152.152557917,0.386795043945312,-0.358444213867188,-0.807327270507812,
219152.172515917,0.431015014648438,-0.18548583984375,-0.838775634765625,
219152.192474917,0.471603393554688,-0.126678466796875,-0.884170532226562,
219152.212432917,0.466690063476562,-0.142776489257812,-0.898452758789062,
219152.232391917,0.45526123046875,-0.156051635742188,-0.902877807617188,
219152.252349917,0.44537353515625,-0.1737060546875,-0.908828735351562,
219152.272277917,0.439529418945312,-0.192474365234375,-0.890792846679688,
219152.292236917,0.430023193359375,-0.193099975585938,-0.876052856445312,
219152.312194917,0.425460815429688,-0.184799194335938,-0.872055053710938,
219152.332153917,0.429397583007812,-0.176010131835938,-0.864181518554688,
219152.352111917,0.441452026367188,-0.1798095703125,-0.876510620117188,
219152.372070917,0.449539184570312,-0.187164306640625,-0.868759155273438,
219152.392028917,0.4600830078125,-0.190521240234375,-0.874725341796875,
219152.411987917,0.45703125,-0.186569213867188,-0.882034301757812,
219152.431945917,0.443466186523438,-0.18170166015625,-0.884368896484375,
219152.451904917,0.441970825195312,-0.18463134765625,-0.8892822265625,
219152.471862917,0.43695068359375,-0.18267822265625,-0.890228271484375,
219152.491790917,0.4283447265625,-0.17242431640625,-0.890594482421875,
219152.511749917,0.4202880859375,-0.169021606445312,-0.892501831054688,
219152.531707917,0.423309326171875,-0.168563842773438,-0.884674072265625,
219152.551666917,0.427841186523438,-0.171463012695312,-0.887161254882812,
219152.571624917,0.435379028320312,-0.17340087890625,-0.884765625,
219152.591583917,0.436370849609375,-0.17388916015625,-0.886245727539062,
219152.611541917,0.433868408203125,-0.17388916015625,-0.8876953125,
219152.631500917,0.433380126953125,-0.173904418945312,-0.883773803710938,
219152.651458917,0.428909301757812,-0.178848266601562,-0.880844116210938,
219152.671417917,0.431381225585938,-0.176345825195312,-0.888687133789062,
219152.691345917,0.43182373046875,-0.167526245117188,-0.88568115234375,
219152.711303917,0.429824829101562,-0.16998291015625,-0.888626098632812,
219152.731262917,0.428863525390625,-0.173919677734375,-0.885223388671875,
219152.751220917,0.42889404296875,-0.177383422851562,-0.881332397460938,
219152.771179917,0.429428100585938,-0.1817626953125,-0.886260986328125,
219152.791137917,0.430404663085938,-0.178329467773438,-0.88525390625,
219152.811065917,0.426376342773438,-0.175430297851562,-0.881301879882812,
219152.831024917,0.4278564453125,-0.173431396484375,-0.887176513671875,
219152.850982917,0.43035888671875,-0.173904418945312,-0.887191772460938,
219152.870941917,0.428375244140625,-0.174957275390625,-0.87640380859375,
219152.890869917,0.432403564453125,-0.1768798828125,-0.879867553710938,
219152.910827917,0.431884765625,-0.174423217773438,-0.880340576171875,
219152.930786917,0.427871704101562,-0.174423217773438,-0.883255004882812,
219152.950744917,0.431365966796875,-0.173446655273438,-0.882293701171875,
219152.970703917,0.4283447265625,-0.172943115234375,-0.885711669921875,
219152.990661917,0.4268798828125,-0.177841186523438,-0.8876953125,
219153.010589917,0.432937622070312,-0.1812744140625,-0.883819580078125,
219153.030548917,0.425430297851562,-0.184219360351562,-0.887725830078125,
219153.050506917,0.428436279296875,-0.182769775390625,-0.881851196289062,
219153.070465917,0.43145751953125,-0.184234619140625,-0.881881713867188,
219153.090423917,0.433380126953125,-0.174407958984375,-0.882308959960938,
219153.110382917,0.428878784179688,-0.176376342773438,-0.883773803710938,
219153.130340917,0.436920166015625,-0.177825927734375,-0.882843017578125,
219153.150299917,0.436874389648438,-0.172454833984375,-0.878890991210938,
219153.170257917,0.43389892578125,-0.176406860351562,-0.876937866210938,
219153.190216917,0.4329833984375,-0.186721801757812,-0.873077392578125,
219153.210174917,0.429489135742188,-0.188674926757812,-0.877487182617188,
219153.230133917,0.426910400390625,-0.182235717773438,-0.891143798828125,
219153.250091917,0.42987060546875,-0.176300048828125,-0.896026611328125,
219153.270050917,0.428359985351562,-0.174880981445312,-0.890121459960938,
219153.290008917,0.429489135742188,-0.189620971679688,-0.884353637695312,
219153.309936917,0.423004150390625,-0.192611694335938,-0.879928588867188,
219153.329894917,0.428512573242188,-0.193084716796875,-0.879470825195312,
219153.349853917,0.429489135742188,-0.188186645507812,-0.876998901367188,
219153.369811917,0.430938720703125,-0.183242797851562,-0.883331298828125,
219153.389770917,0.432418823242188,-0.179794311523438,-0.885284423828125,
219153.409728917,0.433425903320312,-0.1807861328125,-0.882843017578125,
219153.429687917,0.433441162109375,-0.183212280273438,-0.88580322265625,
219153.449645917,0.435989379882812,-0.185714721679688,-0.875045776367188,
219153.469604917,0.435958862304688,-0.183746337890625,-0.876510620117188,
219153.489562917,0.4329833984375,-0.187179565429688,-0.87945556640625,
219153.509490917,0.430923461914062,-0.180328369140625,-0.87939453125,
219153.529449917,0.436843872070312,-0.168991088867188,-0.884262084960938,
219153.549407917,0.430831909179688,-0.170944213867188,-0.888641357421875,
219153.569366917,0.435897827148438,-0.176376342773438,-0.87939453125,
219153.589324917,0.433975219726562,-0.18621826171875,-0.875534057617188,
219153.609283917,0.434539794921875,-0.194046020507812,-0.877548217773438,
219153.629241917,0.43304443359375,-0.195526123046875,-0.876571655273438,
219153.649200917,0.43499755859375,-0.190078735351562,-0.883407592773438,
219153.669158917,0.437454223632812,-0.182723999023438,-0.88385009765625,
219153.689086917,0.436920166015625,-0.179275512695312,-0.884811401367188,
219153.709045917,0.4364013671875,-0.177337646484375,-0.883331298828125,
219153.729003917,0.430404663085938,-0.177383422851562,-0.878402709960938,
219153.748962917,0.432418823242188,-0.178359985351562,-0.87939453125,
219153.768920917,0.434432983398438,-0.178878784179688,-0.873031616210938,
219153.788879917,0.434951782226562,-0.180862426757812,-0.86962890625,
219153.808837917,0.440933227539062,-0.177352905273438,-0.876007080078125,
219153.828855542,0.443374633789062,-0.170928955078125,-0.883819580078125,
219153.848813542,0.436813354492188,-0.166519165039062,-0.888153076171875,
219153.868772542,0.427276611328125,-0.163162231445312,-0.8817138671875,
219153.888730542,0.4288330078125,-0.17144775390625,-0.889617919921875,
219153.908658542,0.430862426757812,-0.173904418945312,-0.886703491210938,
219153.928617542,0.432876586914062,-0.175796508789062,-0.897018432617188,
219153.948575542,0.432861328125,-0.174301147460938,-0.899459838867188,
219153.968534542,0.446380615234375,-0.173751831054688,-0.899520874023438,
219153.988492542,0.468063354492188,-0.189361572265625,-0.897781372070312,
219154.008420542,0.517837524414062,-0.212554931640625,-0.91583251953125,
219154.028379542,0.51373291015625,-0.268707275390625,-0.954879760742188,
219154.048337542,0.527389526367188,-0.287612915039062,-0.978103637695312,
219154.068296542,0.58087158203125,-0.216796875,-1.05386352539062,
219154.088254542,0.6407470703125,-0.137313842773438,-1.1781005859375,
219154.108213542,0.590744018554688,-0.166839599609375,-1.27403259277344,
219154.128171542,0.428558349609375,-0.442413330078125,-1.22793579101562,
219154.148130542,0.402084350585938,-0.693191528320312,-1.12605285644531,
219154.168088542,0.346939086914062,-0.743011474609375,-1.03936767578125,
219154.188047542,0.163131713867188,-0.707138061523438,-1.10917663574219,
219154.208005542,0.130416870117188,-0.580490112304688,-1.23605346679688,
219154.227933542,0.10223388671875,-0.430877685546875,-1.19181823730469,
219154.247892542,-0.0026702880859375,-0.537246704101562,-1.19096374511719,
219154.267850542,-0.13409423828125,-0.646942138671875,-1.15080261230469,
219154.287809542,-0.13555908203125,-0.71270751953125,-1.13848876953125,
219154.307767542,-0.176101684570312,-0.776458740234375,-1.08822631835938,
219154.327726542,-0.211883544921875,-0.813003540039062,-1.07014465332031,
219154.347684542,-0.138320922851562,-0.797515869140625,-1.06307983398438,
219154.367643542,-0.0785675048828125,-0.73974609375,-1.00816345214844,
219154.387601542,-0.154098510742188,-0.688827514648438,-0.972640991210938,
219154.407560542,-0.265106201171875,-0.62554931640625,-0.74432373046875,
219154.427518542,-0.431137084960938,-0.671463012695312,-0.73638916015625,
219154.447477542,-0.477493286132812,-0.7696533203125,-0.74658203125,
219154.467435542,-0.574462890625,-0.7921142578125,-0.6746826171875,
219154.487394542,-0.621749877929688,-0.710296630859375,-0.700836181640625,
219154.507352542,-0.610198974609375,-0.5767822265625,-0.640274047851562,
219154.527311542,-0.55828857421875,-0.476882934570312,-0.58453369140625,
219154.547239542,-0.538040161132812,-0.431488037109375,-0.538299560546875,
219154.567197542,-0.543304443359375,-0.390655517578125,-0.485107421875,
219154.587156542,-0.448532104492188,-0.382064819335938,-0.379241943359375,
219154.607114542,-0.318893432617188,-0.414199829101562,-0.31890869140625,
219154.627073542,-0.369918823242188,-0.423873901367188,-0.298614501953125,
219154.647031542,-0.517578125,-0.382949829101562,-0.287765502929688,
219154.666990542,-0.614334106445312,-0.31060791015625,-0.243667602539062,
219154.686948542,-0.616104125976562,-0.323989868164062,-0.143798828125,
219154.706876542,-0.581741333007812,-0.35498046875,-0.10107421875,
219154.726835542,-0.600128173828125,-0.3048095703125,-0.06243896484375,
219154.746793542,-0.618667602539062,-0.231796264648438,0.0076751708984375,
219154.766752542,-0.620986938476562,-0.186859130859375,0.0334625244140625,
219154.786710542,-0.674911499023438,-0.149871826171875,0.03839111328125,
219154.806669542,-0.7578125,-0.11907958984375,0.0703887939453125,
219154.826597542,-0.76123046875,-0.118621826171875,0.153213500976562,
219154.846555542,-0.658767700195312,-0.137115478515625,0.2039794921875,
219154.866514542,-0.703506469726562,-0.1197509765625,0.219024658203125,
219154.886472542,-0.859466552734375,-0.0997161865234375,0.273391723632812,
219154.906431542,-0.816497802734375,-0.132919311523438,0.361618041992188,
219154.926389542,-0.688629150390625,-0.19830322265625,0.403121948242188,
219154.946348542,-0.739730834960938,-0.199127197265625,0.4200439453125,
219154.966306542,-0.881240844726562,-0.177703857421875,0.420455932617188,
219154.986265542,-0.896286010742188,-0.17254638671875,0.445556640625,
219155.006192542,-0.817123413085938,-0.166915893554688,0.466232299804688,
219155.026151542,-0.806198120117188,-0.1527099609375,0.475082397460938,
219155.046109542,-0.871994018554688,-0.13250732421875,0.491241455078125,
219155.066068542,-0.896148681640625,-0.120361328125,0.490966796875,
219155.086026542,-0.880233764648438,-0.104598999023438,0.490982055664062,
219155.105985542,-0.866256713867188,-0.0980987548828125,0.47918701171875,
219155.125943542,-0.880813598632812,-0.0966796875,0.476821899414062,
219155.145902542,-0.9033203125,-0.1031494140625,0.476409912109375,
219155.165860542,-0.901260375976562,-0.1104736328125,0.474395751953125,
219155.185788542,-0.894363403320312,-0.0994720458984375,0.444061279296875,
219155.205747542,-0.924072265625,-0.0842437744140625,0.418350219726562,
219155.225705542,-0.936126708984375,-0.083282470703125,0.41107177734375,
219155.245664542,-0.918533325195312,-0.09149169921875,0.403579711914062,
219155.265622542,-0.924087524414062,-0.0860748291015625,0.39630126953125,
219155.285581542,-0.93572998046875,-0.0765838623046875,0.35919189453125,
219155.305509542,-0.932723999023438,-0.078460693359375,0.348876953125,
219155.325467542,-0.932037353515625,-0.102493286132812,0.351654052734375,
219155.345426542,-0.926895141601562,-0.120101928710938,0.34661865234375,
219155.365384542,-0.90386962890625,-0.11700439453125,0.338668823242188,
219155.385343542,-0.90087890625,-0.117843627929688,0.320037841796875,
219155.405301542,-0.938034057617188,-0.110580444335938,0.306564331054688,
219155.425229542,-0.946090698242188,-0.107162475585938,0.301727294921875,
219155.445188542,-0.90789794921875,-0.116943359375,0.326446533203125,
219155.465146542,-0.87969970703125,-0.128250122070312,0.351699829101562,
219155.485105542,-0.857162475585938,-0.12432861328125,0.367767333984375,
219155.505063542,-0.866790771484375,-0.115859985351562,0.340438842773438,
219155.525022542,-0.899948120117188,-0.104293823242188,0.349014282226562,
219155.544950542,-0.862091064453125,-0.130447387695312,0.404006958007812,
219155.564908542,-0.793792724609375,-0.14166259765625,0.442764282226562,
219155.584867542,-0.75482177734375,-0.123886108398438,0.45050048828125,
219155.604825542,-0.766128540039062,-0.091400146484375,0.4228515625,
219155.624784542,-0.795318603515625,-0.0805816650390625,0.396133422851562,
219155.644742542,-0.790420532226562,-0.0706024169921875,0.371185302734375,
219155.664701542,-0.766387939453125,-0.071319580078125,0.3455810546875,
219155.684659542,-0.791900634765625,-0.079193115234375,0.333419799804688,
219155.704618542,-0.88104248046875,-0.09033203125,0.323043823242188,
219155.724576542,-0.934783935546875,-0.142898559570312,0.301925659179688,
219155.744504542,-0.906158447265625,-0.155242919921875,0.259567260742188,
219155.764463542,-0.839370727539062,-0.1744384765625,0.241439819335938,
219155.784421542,-0.772369384765625,-0.224380493164062,0.201080322265625,
219155.804380542,-0.723495483398438,-0.267852783203125,0.131942749023438,
219155.824338542,-0.690780639648438,-0.294265747070312,0.0674285888671875,
219155.844297542,-0.64874267578125,-0.295608520507812,-0.000885009765625,
219155.864255542,-0.587799072265625,-0.2783203125,-0.05645751953125,
219155.884214542,-0.545913696289062,-0.264785766601562,-0.153106689453125,
219155.904172542,-0.51458740234375,-0.302642822265625,-0.191726684570312,
219155.924100542,-0.514495849609375,-0.33135986328125,-0.303604125976562,
219155.944059542,-0.525009155273438,-0.342758178710938,-0.369766235351562,
219155.964017542,-0.54144287109375,-0.364501953125,-0.433502197265625,
219155.983976542,-0.506637573242188,-0.4078369140625,-0.533416748046875,
219156.003934542,-0.4954833984375,-0.44189453125,-0.646377563476562,
219156.023893542,-0.577865600585938,-0.477752685546875,-0.615798950195312,
219156.043851542,-0.640579223632812,-0.589675903320312,-0.559356689453125,
219156.063779542,-0.585189819335938,-0.814865112304688,-0.5728759765625,
219156.083738542,-0.500320434570312,-0.852951049804688,-0.692611694335938,
219156.103696542,-0.397415161132812,-0.745651245117188,-0.68463134765625,
219156.123655542,-0.401290893554688,-0.700973510742188,-0.699020385742188,
219156.143613542,-0.47686767578125,-0.66253662109375,-0.786056518554688,
219156.163572542,-0.468338012695312,-0.617202758789062,-0.895538330078125,
219156.183530542,-0.368484497070312,-0.631866455078125,-0.906951904296875,
219156.203489542,-0.344467163085938,-0.630615234375,-0.93402099609375,
219156.223447542,-0.375320434570312,-0.661117553710938,-0.938949584960938,
219156.243406542,-0.31866455078125,-0.658584594726562,-0.91180419921875,
219156.263364542,-0.2152099609375,-0.620346069335938,-0.9130859375,
219156.283292542,-0.202987670898438,-0.602279663085938,-1.05068969726562,
219156.303251542,-0.257843017578125,-0.581634521484375,-1.09974670410156,
219156.323209542,-0.255386352539062,-0.566253662109375,-1.0477294921875,
219156.343168542,-0.19677734375,-0.557861328125,-1.01419067382812,
219156.363126542,-0.128692626953125,-0.608200073242188,-0.991851806640625,
219156.383054542,-0.0806427001953125,-0.609085083007812,-1.0489501953125,
219156.403013542,-0.0199737548828125,-0.55126953125,-1.07975769042969,
219156.422971542,0.09747314453125,-0.511032104492188,-1.07768249511719,
219156.442930542,0.27777099609375,-0.4945068359375,-1.08197021484375,
219156.462888542,0.450454711914062,-0.453948974609375,-1.0135498046875,
219156.482847542,0.480911254882812,-0.374893188476562,-1.01124572753906,
219156.502805542,0.427810668945312,-0.319000244140625,-1.04830932617188,
219156.522764542,0.421981811523438,-0.340744018554688,-1.02638244628906,
219156.542692542,0.364791870117188,-0.388885498046875,-0.974456787109375,
219156.562650542,0.30157470703125,-0.37567138671875,-0.938262939453125,
219156.582609542,0.31365966796875,-0.31829833984375,-0.931594848632812,
219156.602567542,0.397216796875,-0.235122680664062,-0.921707153320312,
219156.622526542,0.527236938476562,-0.141983032226562,-0.9820556640625,
219156.642484542,0.7083740234375,-0.05706787109375,-1.10200500488281,
219156.662442542,0.758163452148438,-0.0171051025390625,-1.10789489746094,
219156.682401542,0.6131591796875,-0.169998168945312,-0.986618041992188,
219156.702359542,0.447052001953125,-0.376190185546875,-0.826873779296875,
219156.722287542,0.3822021484375,-0.405303955078125,-0.764984130859375,
219156.742246542,0.432708740234375,-0.265716552734375,-0.784439086914062,
219156.762204542,0.466781616210938,-0.14227294921875,-0.823989868164062,
219156.782163542,0.464004516601562,-0.118316650390625,-0.89337158203125,
219156.802121542,0.468826293945312,-0.1627197265625,-0.922103881835938,
219156.822080542,0.467849731445312,-0.228973388671875,-0.911758422851562,
219156.842038542,0.439620971679688,-0.272247314453125,-0.911392211914062,
219156.861997542,0.418960571289062,-0.255233764648438,-0.903335571289062,
219156.881955542,0.431854248046875,-0.176177978515625,-0.914154052734375,
219156.901914542,0.440032958984375,-0.132553100585938,-0.907058715820312,
219156.921842542,0.433517456054688,-0.1297607421875,-0.888885498046875,
219156.941800542,0.434646606445312,-0.144989013671875,-0.882125854492188,
219156.961759542,0.443801879882812,-0.157333374023438,-0.861190795898438,
219156.981717542,0.445404052734375,-0.168197631835938,-0.848037719726562,
219157.001676542,0.450439453125,-0.173019409179688,-0.857406616210938,
219157.021634542,0.457427978515625,-0.172866821289062,-0.876068115234375,
219157.041562542,0.4554443359375,-0.175308227539062,-0.880477905273438,
219157.061521542,0.449386596679688,-0.170425415039062,-0.879928588867188,
219157.081479542,0.444915771484375,-0.17437744140625,-0.878448486328125,
219157.101438542,0.442459106445312,-0.181289672851562,-0.873580932617188,
219157.121396542,0.435409545898438,-0.175949096679688,-0.869598388671875,
219157.141324542,0.443344116210938,-0.166030883789062,-0.881332397460938,
219157.161283542,0.44281005859375,-0.163558959960938,-0.886215209960938,
219157.181241542,0.4388427734375,-0.167098999023438,-0.87152099609375,
219157.201200542,0.44189453125,-0.174850463867188,-0.883834838867188,
219157.221158542,0.439910888671875,-0.176834106445312,-0.883346557617188,
219157.241117542,0.44287109375,-0.1708984375,-0.887725830078125,
219157.261075542,0.443878173828125,-0.171371459960938,-0.889694213867188,
219157.281003542,0.444381713867188,-0.172378540039062,-0.885787963867188,
219157.300962542,0.442398071289062,-0.17340087890625,-0.879898071289062,
219157.320920542,0.442916870117188,-0.176300048828125,-0.88775634765625,
219157.340879542,0.437896728515625,-0.174423217773438,-0.8779296875,
219157.360837542,0.44189453125,-0.174346923828125,-0.885299682617188,
219157.380796542,0.441390991210938,-0.172943115234375,-0.875,
219157.400754542,0.439376831054688,-0.17144775390625,-0.8818359375,
219157.420713542,0.438385009765625,-0.173446655273438,-0.875961303710938,
219157.440671542,0.440887451171875,-0.175277709960938,-0.894607543945312,
219157.460599542,0.437347412109375,-0.169967651367188,-0.883285522460938,
219157.480558542,0.435348510742188,-0.16949462890625,-0.883758544921875,
219157.500516542,0.440948486328125,-0.180313110351562,-0.872589111328125,
219157.520475542,0.446533203125,-0.188156127929688,-0.870223999023438,
219157.540433542,0.447494506835938,-0.181838989257812,-0.859893798828125,
219157.560361542,0.4443359375,-0.164108276367188,-0.875442504882812,
219157.580320542,0.442794799804688,-0.160675048828125,-0.87786865234375,
219157.600278542,0.44140625,-0.175384521484375,-0.878448486328125,
219157.620237542,0.44195556640625,-0.18121337890625,-0.884857177734375,
219157.640195542,0.438949584960938,-0.180831909179688,-0.871612548828125,
219157.660154542,0.443954467773438,-0.179290771484375,-0.87896728515625,
219157.680082542,0.4449462890625,-0.1773681640625,-0.872589111328125,
219157.700040542,0.444976806640625,-0.184158325195312,-0.8843994140625,
219157.719999542,0.440948486328125,-0.177932739257812,-0.863265991210938,
219157.739957542,0.442916870117188,-0.176315307617188,-0.88336181640625,
219157.759885542,0.437911987304688,-0.177825927734375,-0.880889892578125,
219157.779844542,0.438430786132812,-0.178359985351562,-0.875503540039062,
219157.799802542,0.432403564453125,-0.178802490234375,-0.885269165039062,
219157.819761542,0.435394287109375,-0.17730712890625,-0.887725830078125,
219157.839719542,0.443450927734375,-0.179779052734375,-0.87799072265625,
219157.859647542,0.447479248046875,-0.181243896484375,-0.878021240234375,
219157.879606542,0.44696044921875,-0.180252075195312,-0.878509521484375,
219157.899564542,0.450485229492188,-0.180282592773438,-0.870681762695312,
219157.919523542,0.448974609375,-0.180755615234375,-0.874603271484375,
219157.939481542,0.447463989257812,-0.178802490234375,-0.87457275390625,
219157.959409542,0.443466186523438,-0.1817626953125,-0.87603759765625,
219157.979368542,0.440963745117188,-0.1817626953125,-0.87799072265625,
219157.999326542,0.44195556640625,-0.179824829101562,-0.871612548828125,
219158.019285542,0.440963745117188,-0.1822509765625,-0.87652587890625,
219158.039243542,0.442489624023438,-0.1851806640625,-0.877532958984375,
219158.059202542,0.445510864257812,-0.18426513671875,-0.86578369140625,
219158.079130542,0.446502685546875,-0.186614990234375,-0.881484985351562,
219158.099088542,0.442977905273438,-0.1827392578125,-0.877029418945312,
219158.119046542,0.444961547851562,-0.1798095703125,-0.87310791015625,
219158.139005542,0.442977905273438,-0.1822509765625,-0.87554931640625,
219158.158963542,0.442474365234375,-0.182235717773438,-0.878005981445312,
219158.178922542,0.444473266601562,-0.182723999023438,-0.878509521484375,
219158.198880542,0.447982788085938,-0.182220458984375,-0.877044677734375,
219158.218808542,0.448013305664062,-0.18475341796875,-0.863845825195312,
219158.238767542,0.445541381835938,-0.190597534179688,-0.8721923828125,
219158.258725542,0.443008422851562,-0.18621826171875,-0.869216918945312,
219158.278684542,0.44793701171875,-0.17730712890625,-0.879959106445312,
219158.298642542,0.448837280273438,-0.165451049804688,-0.891647338867188,
219158.318601542,0.44293212890625,-0.178253173828125,-0.889251708984375,
219158.338529542,0.442535400390625,-0.190567016601562,-0.879043579101562,
219158.358487542,0.444015502929688,-0.187179565429688,-0.870697021484375,
219158.378446542,0.4425048828125,-0.184295654296875,-0.863815307617188,
219158.398404542,0.447998046875,-0.183746337890625,-0.869216918945312,
219158.418363542,0.450485229492188,-0.180755615234375,-0.873626708984375,
219158.438321542,0.442977905273438,-0.183700561523438,-0.878997802734375,
219158.458280542,0.445480346679688,-0.183700561523438,-0.878021240234375,
219158.478208542,0.444488525390625,-0.183731079101562,-0.874588012695312,
219158.498166542,0.441497802734375,-0.185211181640625,-0.874099731445312,
219158.518125542,0.44403076171875,-0.188690185546875,-0.864334106445312,
219158.538083542,0.444015502929688,-0.187164306640625,-0.874618530273438,
219158.558042542,0.443511962890625,-0.187164306640625,-0.875106811523438,
219158.578000542,0.44549560546875,-0.185150146484375,-0.8809814453125,
219158.597959542,0.441970825195312,-0.18365478515625,-0.888290405273438,
219158.617887542,0.439987182617188,-0.1856689453125,-0.881439208984375,
219158.637845542,0.445022583007812,-0.188629150390625,-0.8746337890625,
219158.657804542,0.450042724609375,-0.187652587890625,-0.8687744140625,
219158.677762542,0.45306396484375,-0.190078735351562,-0.870269775390625,
219158.697721542,0.45452880859375,-0.184722900390625,-0.863876342773438,
219158.717679542,0.45050048828125,-0.181777954101562,-0.867752075195312,
219158.737638542,0.448501586914062,-0.183746337890625,-0.869232177734375,
219158.757596542,0.447479248046875,-0.182708740234375,-0.878036499023438,
219158.777524542,0.447982788085938,-0.181747436523438,-0.873626708984375,
219158.797483542,0.448013305664062,-0.185226440429688,-0.866790771484375,
219158.817441542,0.445556640625,-0.19256591796875,-0.872207641601562,
219158.837473792,0.446075439453125,-0.194976806640625,-0.877120971679688,
219158.857431792,0.456085205078125,-0.192977905273438,-0.876190185546875,
219158.877390792,0.465103149414062,-0.197616577148438,-0.912033081054688,
219158.897318792,0.486297607421875,-0.236831665039062,-1.05543518066406,
219158.917276792,0.509124755859375,-0.391021728515625,-0.997283935546875,
219158.937235792,0.491897583007812,-0.547439575195312,-0.92718505859375,
219158.957193792,0.49810791015625,-0.504928588867188,-0.900970458984375,
219158.977152792,0.483245849609375,-0.339141845703125,-0.92431640625,
219158.997110792,0.438552856445312,-0.089141845703125,-1.03022766113281,
219159.017038792,0.44415283203125,0.018096923828125,-1.08735656738281,
219159.036997792,0.45916748046875,0.0121917724609375,-1.15019226074219,
219159.056955792,0.407058715820312,-0.05657958984375,-1.16358947753906,
219159.076914792,0.345703125,-0.150253295898438,-1.12516784667969,
219159.096842792,0.277572631835938,-0.215408325195312,-1.10415649414062,
219159.116800792,0.1788330078125,-0.2772216796875,-1.08981323242188,
219159.136759792,0.097900390625,-0.307662963867188,-1.06263732910156,
219159.156717792,0.07537841796875,-0.247512817382812,-1.05575561523438,
219159.176676792,0.0692901611328125,-0.17822265625,-1.08564758300781,
219159.196634792,0.0319366455078125,-0.152557373046875,-1.14015197753906,
219159.216593792,-0.01837158203125,-0.187713623046875,-1.12149047851562,
219159.236551792,-0.0384674072265625,-0.236251831054688,-1.05703735351562,
219159.256510792,-0.0106658935546875,-0.260818481445312,-1.0294189453125,
219159.276438792,-0.0033721923828125,-0.241317749023438,-1.08370971679688,
219159.296396792,-0.070220947265625,-0.21661376953125,-1.08416748046875,
219159.316355792,-0.0913543701171875,-0.261260986328125,-1.01527404785156,
219159.336313792,-0.0335540771484375,-0.333053588867188,-0.94061279296875,
219159.356272792,-0.0059356689453125,-0.340728759765625,-0.947662353515625,
219159.376230792,-0.0544891357421875,-0.288864135742188,-0.965194702148438,
219159.396158792,-0.110321044921875,-0.261703491210938,-0.957855224609375,
219159.416117792,-0.06689453125,-0.28857421875,-0.864700317382812,
219159.436075792,0.0382080078125,-0.328582763671875,-0.8170166015625,
219159.456034792,0.066802978515625,-0.335159301757812,-0.842697143554688,
219159.475992792,-0.0440826416015625,-0.3184814453125,-0.847381591796875,
219159.495951792,-0.103347778320312,-0.358810424804688,-0.790985107421875,
219159.515909792,-0.0410614013671875,-0.431472778320312,-0.728591918945312,
219159.535837792,0.03033447265625,-0.45733642578125,-0.696319580078125,
219159.555796792,0.0328826904296875,-0.463180541992188,-0.700775146484375,
219159.575754792,-0.005615234375,-0.4693603515625,-0.680526733398438,
219159.595713792,0.006805419921875,-0.512359619140625,-0.61572265625,
219159.615640792,0.073516845703125,-0.57464599609375,-0.563079833984375,
219159.635599792,0.106399536132812,-0.609954833984375,-0.538497924804688,
219159.655557792,0.087158203125,-0.648284912109375,-0.538650512695312,
219159.675516792,0.0626678466796875,-0.721466064453125,-0.533111572265625,
219159.695474792,0.0863189697265625,-0.789779663085938,-0.490081787109375,
219159.715433792,0.1348876953125,-0.781768798828125,-0.481475830078125,
219159.735391792,0.0751800537109375,-0.778900146484375,-0.512496948242188,
219159.755350792,0.0385589599609375,-0.83746337890625,-0.505325317382812,
219159.775308792,0.0399169921875,-0.87835693359375,-0.469833374023438,
219159.795267792,0.0433502197265625,-0.865676879882812,-0.458511352539062,
219159.815225792,0.060211181640625,-0.849166870117188,-0.4986572265625,
219159.835184792,0.0854339599609375,-0.876708984375,-0.545028686523438,
219159.855142792,0.118240356445312,-0.908355712890625,-0.556671142578125,
219159.875070792,0.136337280273438,-0.914657592773438,-0.554855346679688,
219159.895029792,0.115570068359375,-0.888198852539062,-0.566329956054688,
219159.914987792,0.0808868408203125,-0.876068115234375,-0.571456909179688,
219159.934946792,0.0805206298828125,-0.8941650390625,-0.57843017578125,
219159.954904792,0.097076416015625,-0.897918701171875,-0.593719482421875,
219159.974863792,0.07684326171875,-0.8740234375,-0.58758544921875,
219159.994821792,0.036041259765625,-0.84918212890625,-0.59161376953125,
219160.014780792,0.0003662109375,-0.835662841796875,-0.583984375,
219160.034738792,-0.0158538818359375,-0.812606811523438,-0.597946166992188,
219160.054697792,-0.02642822265625,-0.807281494140625,-0.594924926757812,
219160.074625792,-0.026397705078125,-0.811630249023438,-0.605728149414062,
219160.094583792,-0.0318450927734375,-0.822418212890625,-0.610671997070312,
219160.114542792,-0.06927490234375,-0.843582153320312,-0.623336791992188,
219160.134500792,-0.0772705078125,-0.84375,-0.60125732421875,
219160.154459792,-0.0222625732421875,-0.830673217773438,-0.615188598632812,
219160.174417792,0.0297698974609375,-0.819656372070312,-0.615386962890625,
219160.194376792,0.0360107421875,-0.843856811523438,-0.580795288085938,
219160.214334792,0.0423431396484375,-0.875106811523438,-0.517837524414062,
219160.234293792,0.0788726806640625,-0.858642578125,-0.460113525390625,
219160.254251792,0.15692138671875,-0.85003662109375,-0.524169921875,
219160.274210792,0.107650756835938,-0.773056030273438,-0.563079833984375,
219160.294168792,0.112411499023438,-0.751052856445312,-0.629104614257812,
219160.314127792,0.0634613037109375,-0.828079223632812,-0.576431274414062,
219160.334085792,0.0754241943359375,-0.8768310546875,-0.532730102539062,
219160.354044792,0.1038818359375,-0.8577880859375,-0.498458862304688,
219160.374002792,0.136184692382812,-0.877182006835938,-0.433120727539062,
219160.393961792,0.03729248046875,-0.823410034179688,-0.636520385742188,
219160.413919792,-0.0177764892578125,-0.80364990234375,-0.464141845703125,
219160.433878792,-0.008392333984375,-0.8680419921875,-0.587570190429688,
219160.453806792,0.0154266357421875,-0.819305419921875,-0.4453125,
219160.473764792,-0.0496063232421875,-0.799209594726562,-0.649124145507812,
219160.493723792,-0.076995849609375,-0.757644653320312,-0.651153564453125,
219160.513681792,-0.0984344482421875,-0.76776123046875,-0.6168212890625,
219160.533640792,-0.0433502197265625,-0.761184692382812,-0.611190795898438,
219160.553568792,-0.01483154296875,-0.757461547851562,-0.637283325195312,
219160.573526792,-0.0986785888671875,-0.746246337890625,-0.687713623046875,
219160.593485792,-0.176544189453125,-0.730682373046875,-0.72442626953125,
219160.613443792,-0.166885375976562,-0.678848266601562,-0.695236206054688,
219160.633402792,-0.0824127197265625,-0.648117065429688,-0.688629150390625,
219160.653360792,-0.0293121337890625,-0.647796630859375,-0.701156616210938,
219160.673288792,-0.048431396484375,-0.63519287109375,-0.691177368164062,
219160.693247792,-0.0965728759765625,-0.575820922851562,-0.735595703125,
219160.713205792,-0.131423950195312,-0.482589721679688,-0.774002075195312,
219160.733164792,-0.161727905273438,-0.454727172851562,-0.781982421875,
219160.753122792,-0.144851684570312,-0.489822387695312,-0.724502563476562,
219160.773050792,-0.0861968994140625,-0.488677978515625,-0.706680297851562,
219160.793009792,-0.07257080078125,-0.386581420898438,-0.795730590820312,
219160.812967792,-0.151519775390625,-0.29595947265625,-0.840774536132812,
219160.832926792,-0.2576904296875,-0.30767822265625,-0.848129272460938,
219160.852854792,-0.293304443359375,-0.36297607421875,-0.811553955078125,
219160.872812792,-0.179153442382812,-0.336441040039062,-0.737030029296875,
219160.892771792,-0.058563232421875,-0.2442626953125,-0.729736328125,
219160.912729792,-0.097564697265625,-0.1513671875,-0.874420166015625,
219160.932657792,-0.229415893554688,-0.0941314697265625,-0.95074462890625,
219160.952616792,-0.254974365234375,-0.154266357421875,-0.917678833007812,
219160.972574792,-0.206161499023438,-0.301773071289062,-0.8934326171875,
219160.992533792,-0.16497802734375,-0.43896484375,-0.875442504882812,
219161.012461792,-0.173294067382812,-0.528228759765625,-0.8759765625,
219161.032419792,-0.215911865234375,-0.531585693359375,-0.918380737304688,
219161.052378792,-0.199111938476562,-0.504913330078125,-0.937408447265625,
219161.072306792,-0.144668579101562,-0.484909057617188,-0.961578369140625,
219161.092264792,-0.131057739257812,-0.443572998046875,-1.05397033691406,
219161.112223792,-0.167999267578125,-0.398666381835938,-1.050048828125,
219161.132181792,-0.134445190429688,-0.392745971679688,-1.03108215332031,
219161.152109792,-0.0283966064453125,-0.427642822265625,-1.01963806152344,
219161.172067792,0.04046630859375,-0.451995849609375,-0.99566650390625,
219161.192026792,0.0401153564453125,-0.407821655273438,-1.00321960449219,
219161.211954792,0.02813720703125,-0.350936889648438,-1.01356506347656,
219161.231912792,0.0449676513671875,-0.379196166992188,-0.951614379882812,
219161.251871792,0.0313262939453125,-0.431121826171875,-0.967559814453125,
219161.271829792,-0.002197265625,-0.436676025390625,-0.9674072265625,
219161.291788792,0.025421142578125,-0.380706787109375,-0.9588623046875,
219161.311716792,0.0895538330078125,-0.316604614257812,-0.973007202148438,
219161.331674792,0.139266967773438,-0.26348876953125,-0.963119506835938,
219161.351633792,0.199356079101562,-0.251144409179688,-0.932998657226562,
219161.371591792,0.240676879882812,-0.277511596679688,-0.919677734375,
219161.391550792,0.234237670898438,-0.291580200195312,-0.948135375976562,
219161.411508792,0.2537841796875,-0.292465209960938,-0.950210571289062,
219161.431436792,0.327926635742188,-0.28485107421875,-0.937820434570312,
219161.451395792,0.378372192382812,-0.262542724609375,-0.940887451171875,
219161.471353792,0.38165283203125,-0.233123779296875,-0.939239501953125,
219161.491281792,0.406982421875,-0.205474853515625,-0.950469970703125,
219161.511240792,0.440643310546875,-0.155654907226562,-0.974822998046875,
219161.531198792,0.438690185546875,-0.101577758789062,-1.00140380859375,
219161.551157792,0.411178588867188,-0.109054565429688,-1.00080871582031,
219161.571085792,0.377517700195312,-0.159332275390625,-0.982345581054688,
219161.591043792,0.366744995117188,-0.188522338867188,-0.94818115234375,
219161.610971792,0.382781982421875,-0.187454223632812,-0.949737548828125,
219161.630930792,0.403182983398438,-0.16729736328125,-0.944320678710938,
219161.650888792,0.3909912109375,-0.144439697265625,-0.92303466796875,
219161.670847792,0.378875732421875,-0.130844116210938,-0.91259765625,
219161.690805792,0.4078369140625,-0.118408203125,-0.920028686523438,
219161.710733792,0.453842163085938,-0.104507446289062,-0.912826538085938,
219161.730692792,0.500030517578125,-0.114059448242188,-0.920486450195312,
219161.750650792,0.522796630859375,-0.142868041992188,-0.923248291015625,
219161.770609792,0.505401611328125,-0.159698486328125,-0.9085693359375,
219161.790567792,0.475845336914062,-0.161270141601562,-0.913803100585938,
219161.810495792,0.45965576171875,-0.14080810546875,-0.906234741210938,
219161.830454792,0.458999633789062,-0.121688842773438,-0.905136108398438,
219161.850412792,0.456436157226562,-0.113876342773438,-0.902618408203125,
219161.870371792,0.448394775390625,-0.110946655273438,-0.906967163085938,
219161.890299792,0.434906005859375,-0.115951538085938,-0.901535034179688,
219161.910257792,0.425979614257812,-0.129226684570312,-0.901077270507812,
219161.930216792,0.422561645507812,-0.1395263671875,-0.901626586914062,
219161.950144792,0.42364501953125,-0.14703369140625,-0.877182006835938,
219161.970102792,0.424087524414062,-0.14154052734375,-0.893310546875,
219161.990061792,0.426986694335938,-0.128265380859375,-0.89666748046875,
219162.010019792,0.434463500976562,-0.123291015625,-0.902557373046875,
219162.029947792,0.431976318359375,-0.124832153320312,-0.89324951171875,
219162.049906792,0.439010620117188,-0.127716064453125,-0.898208618164062,
219162.069864792,0.439041137695312,-0.1292724609375,-0.883514404296875,
219162.089792792,0.439071655273438,-0.133682250976562,-0.885009765625,
219162.109751792,0.436492919921875,-0.124832153320312,-0.889358520507812,
219162.129709792,0.436981201171875,-0.122406005859375,-0.884933471679688,
219162.149637792,0.438430786132812,-0.116470336914062,-0.892257690429688,
219162.169596792,0.435867309570312,-0.111068725585938,-0.8966064453125,
219162.189554792,0.43035888671875,-0.111587524414062,-0.895111083984375,
219162.209513792,0.438446044921875,-0.11895751953125,-0.887863159179688,
219162.229441792,0.436996459960938,-0.125350952148438,-0.88446044921875,
219162.249399792,0.432998657226562,-0.125396728515625,-0.880523681640625,
219162.269358792,0.430465698242188,-0.1234130859375,-0.885391235351562,
219162.289286792,0.435943603515625,-0.117523193359375,-0.8829345703125,
219162.309244792,0.433441162109375,-0.119949340820312,-0.889312744140625,
219162.329203792,0.434478759765625,-0.123367309570312,-0.89178466796875,
219162.349161792,0.433029174804688,-0.1307373046875,-0.890350341796875,
219162.369089792,0.420944213867188,-0.124420166015625,-0.889266967773438,
219162.389047792,0.423904418945312,-0.117538452148438,-0.889724731445312,
219162.409006792,0.43084716796875,-0.109115600585938,-0.899505615234375,
219162.428964792,0.428314208984375,-0.105712890625,-0.895065307617188,
219162.448892792,0.433380126953125,-0.112991333007812,-0.903472900390625,
219162.468851792,0.431961059570312,-0.124313354492188,-0.897171020507812,
219162.488809792,0.4310302734375,-0.131744384765625,-0.886428833007812,
219162.508737792,0.430999755859375,-0.127304077148438,-0.89178466796875,
219162.528696792,0.42938232421875,-0.114547729492188,-0.894638061523438,
219162.548654792,0.431838989257812,-0.108139038085938,-0.898040771484375,
219162.568613792,0.432891845703125,-0.112594604492188,-0.889739990234375,
219162.588571792,0.427886962890625,-0.11407470703125,-0.891204833984375,
219162.608499792,0.427398681640625,-0.116043090820312,-0.890228271484375,
219162.628458792,0.426910400390625,-0.117507934570312,-0.893173217773438,
219162.648416792,0.425399780273438,-0.115127563476562,-0.881881713867188,
219162.668344792,0.428878784179688,-0.115478515625,-0.902481079101562,
219162.688303792,0.429901123046875,-0.116989135742188,-0.8946533203125,
219162.708231792,0.431381225585938,-0.11114501953125,-0.886795043945312,
219162.728189792,0.42987060546875,-0.110671997070312,-0.88677978515625,
219162.748148792,0.436843872070312,-0.109039306640625,-0.905914306640625,
219162.768076792,0.434860229492188,-0.109619140625,-0.893173217773438,
219162.788034792,0.431365966796875,-0.110153198242188,-0.888259887695312,
219162.807993792,0.431854248046875,-0.109649658203125,-0.892166137695312,
219162.827921792,0.432388305664062,-0.11212158203125,-0.888275146484375,
219162.847879792,0.426361083984375,-0.112091064453125,-0.896072387695312,
219162.867838792,0.427841186523438,-0.110595703125,-0.899993896484375,
219162.887766792,0.428863525390625,-0.112045288085938,-0.901962280273438,
219162.907724792,0.428863525390625,-0.112075805664062,-0.897552490234375,
219162.927683792,0.426361083984375,-0.111618041992188,-0.894119262695312,
219162.947641792,0.425872802734375,-0.114059448242188,-0.896087646484375,
219162.967600792,0.424331665039062,-0.109634399414062,-0.89801025390625,
219162.987558792,0.424301147460938,-0.107162475585938,-0.90289306640625,
219163.007486792,0.428848266601562,-0.111541748046875,-0.9053955078125,
219163.027445792,0.4349365234375,-0.119873046875,-0.901077270507812,
219163.047403792,0.435943603515625,-0.118988037109375,-0.884414672851562,
219163.067331792,0.4368896484375,-0.112579345703125,-0.8892822265625,
219163.087290792,0.438323974609375,-0.103271484375,-0.88629150390625,
219163.107248792,0.4393310546875,-0.102767944335938,-0.88873291015625,
219163.127207792,0.436355590820312,-0.108154296875,-0.892669677734375,
219163.147135792,0.434356689453125,-0.110076904296875,-0.8995361328125,
219163.167093792,0.425384521484375,-0.11505126953125,-0.894622802734375,
219163.187052792,0.420364379882812,-0.115066528320312,-0.89459228515625,
219163.207010792,0.425369262695312,-0.113113403320312,-0.89117431640625,
219163.226969792,0.425308227539062,-0.106704711914062,-0.896041870117188,
219163.246927792,0.429794311523438,-0.102264404296875,-0.897506713867188,
219163.266886792,0.429763793945312,-0.0992889404296875,-0.903854370117188,
219163.286844792,0.429794311523438,-0.10321044921875,-0.90289306640625,
219163.306772792,0.42889404296875,-0.115554809570312,-0.890716552734375,
219163.326731792,0.427413940429688,-0.11846923828125,-0.8946533203125,
219163.346689792,0.430404663085938,-0.115554809570312,-0.888778686523438,
219163.366648792,0.439407348632812,-0.113525390625,-0.892730712890625,
219163.386606792,0.445465087890625,-0.118911743164062,-0.890350341796875,
219163.406534792,0.437469482421875,-0.121383666992188,-0.89276123046875,
219163.426493792,0.43292236328125,-0.117462158203125,-0.894683837890625,
219163.446451792,0.433944702148438,-0.119903564453125,-0.895675659179688,
219163.466379792,0.4344482421875,-0.118499755859375,-0.8848876953125,
219163.486338792,0.43792724609375,-0.117431640625,-0.89617919921875,
219163.506296792,0.433441162109375,-0.121368408203125,-0.89862060546875,
219163.526255792,0.433929443359375,-0.117950439453125,-0.895660400390625,
219163.546213792,0.428329467773438,-0.108184814453125,-0.89312744140625,
219163.566141792,0.430328369140625,-0.106185913085938,-0.89654541015625,
219163.586099792,0.436325073242188,-0.108016967773438,-0.912765502929688,
219163.606058792,0.437942504882812,-0.12225341796875,-0.910415649414062,
219163.626016792,0.440719604492188,-0.152755737304688,-0.891525268554688,
219163.645975792,0.427719116210938,-0.156723022460938,-0.8914794921875,
219163.665933792,0.41241455078125,-0.1248779296875,-0.900009155273438,
219163.685892792,0.421630859375,-0.0865478515625,-0.908126831054688,
219163.705820792,0.434036254882812,-0.0717620849609375,-0.912506103515625,
219163.725778792,0.438690185546875,-0.0860748291015625,-0.892059326171875,
219163.745737792,0.441864013671875,-0.10577392578125,-0.87750244140625,
219163.765695792,0.444900512695312,-0.107757568359375,-0.87017822265625,
219163.785654792,0.446426391601562,-0.113555908203125,-0.883941650390625,
219163.805612792,0.44146728515625,-0.121795654296875,-0.901611328125,
219163.825571792,0.454010009765625,-0.124649047851562,-0.906600952148438,
219163.845595667,0.47052001953125,-0.121627807617188,-0.907638549804688,
219163.865554667,0.476638793945312,-0.130538940429688,-0.889114379882812,
219163.885482667,0.474380493164062,-0.166168212890625,-0.916275024414062,
219163.905440667,0.474411010742188,-0.173446655273438,-0.928573608398438,
219163.925399667,0.469879150390625,-0.1700439453125,-0.92755126953125,
219163.945357667,0.4609375,-0.175674438476562,-0.89520263671875,
219163.965316667,0.403671264648438,-0.221115112304688,-0.883438110351562,
219163.985274667,0.452377319335938,-0.174530029296875,-0.927490234375,
219164.005233667,0.484649658203125,-0.134689331054688,-0.924453735351562,
219164.025191667,0.469406127929688,-0.109725952148438,-0.929107666015625,
219164.045150667,0.459060668945312,-0.132354736328125,-0.924789428710938,
219164.065078667,0.447235107421875,-0.15411376953125,-0.90478515625,
219164.085036667,0.43231201171875,-0.1707763671875,-0.91558837890625,
219164.104995667,0.430679321289062,-0.156494140625,-0.92626953125,
219164.124953667,0.421096801757812,-0.148208618164062,-0.927139282226562,
219164.144912667,0.382553100585938,-0.155685424804688,-0.935317993164062,
219164.164870667,0.364639282226562,-0.1705322265625,-0.924545288085938,
219164.184829667,0.366546630859375,-0.158767700195312,-0.924468994140625,
219164.204757667,0.3638916015625,-0.141983032226562,-0.943450927734375,
219164.224715667,0.317138671875,-0.128799438476562,-0.968597412109375,
219164.244674667,0.24658203125,-0.140029907226562,-0.948699951171875,
219164.264632667,0.22589111328125,-0.181503295898438,-0.917495727539062,
219164.284591667,0.267684936523438,-0.203033447265625,-0.89337158203125,
219164.304549667,0.2730712890625,-0.185379028320312,-0.889846801757812,
219164.324508667,0.264984130859375,-0.176116943359375,-0.887786865234375,
219164.344466667,0.258346557617188,-0.220932006835938,-0.861099243164062,
219164.364425667,0.229705810546875,-0.278778076171875,-0.88140869140625,
219164.384383667,0.227584838867188,-0.264053344726562,-0.886199951171875,
219164.404342667,0.220535278320312,-0.261566162109375,-0.898391723632812,
219164.424300667,0.208282470703125,-0.300262451171875,-0.91180419921875,
219164.444228667,0.16241455078125,-0.332763671875,-0.92254638671875,
219164.464187667,0.14495849609375,-0.3421630859375,-0.920074462890625,
219164.484145667,0.191131591796875,-0.349838256835938,-0.91546630859375,
219164.504104667,0.247695922851562,-0.339828491210938,-0.907379150390625,
219164.524062667,0.267196655273438,-0.334304809570312,-0.913818359375,
219164.544021667,0.223739624023438,-0.351242065429688,-0.902420043945312,
219164.563979667,0.180023193359375,-0.39910888671875,-0.884368896484375,
219164.583938667,0.175827026367188,-0.4378662109375,-0.881179809570312,
219164.603866667,0.1756591796875,-0.419174194335938,-0.892807006835938,
219164.623824667,0.170852661132812,-0.381423950195312,-0.895477294921875,
219164.643783667,0.175201416015625,-0.361312866210938,-0.893417358398438,
219164.663741667,0.179183959960938,-0.355926513671875,-0.889968872070312,
219164.683700667,0.154052734375,-0.34771728515625,-0.889785766601562,
219164.703658667,0.129150390625,-0.368423461914062,-0.8887939453125,
219164.723617667,0.133270263671875,-0.385391235351562,-0.916366577148438,
219164.743575667,0.139633178710938,-0.36767578125,-0.922653198242188,
219164.763503667,0.138381958007812,-0.336776733398438,-0.924407958984375,
219164.783462667,0.120742797851562,-0.325485229492188,-0.940887451171875,
219164.803420667,0.107833862304688,-0.340744018554688,-0.94091796875,
219164.823379667,0.107528686523438,-0.365798950195312,-0.932754516601562,
219164.843337667,0.087554931640625,-0.375656127929688,-0.9390869140625,
219164.863296667,0.0845184326171875,-0.371734619140625,-0.939529418945312,
219164.883254667,0.079376220703125,-0.3546142578125,-0.93743896484375,
219164.903213667,0.0732574462890625,-0.341445922851562,-0.930938720703125,
219164.923171667,0.0683135986328125,-0.349349975585938,-0.925094604492188,
219164.943130667,0.06536865234375,-0.356735229492188,-0.92169189453125,
219164.963088667,0.0553741455078125,-0.358795166015625,-0.914794921875,
219164.983047667,0.0473785400390625,-0.360809326171875,-0.911331176757812,
219165.003005667,0.0583953857421875,-0.360260009765625,-0.911392211914062,
219165.022933667,0.0648193359375,-0.349899291992188,-0.917236328125,
219165.042922667,0.0682830810546875,-0.344482421875,-0.919189453125,
219165.062881667,0.0758056640625,-0.346832275390625,-0.929519653320312,
219165.082839667,0.079345703125,-0.349288940429688,-0.927597045898438,
219165.102798667,0.0693359375,-0.351303100585938,-0.92559814453125,
219165.122756667,0.057891845703125,-0.361663818359375,-0.92364501953125,
219165.142715667,0.0453948974609375,-0.366134643554688,-0.922134399414062,
219165.162673667,0.0328216552734375,-0.36175537109375,-0.92645263671875,
219165.182632667,0.020721435546875,-0.353424072265625,-0.934661865234375,
219165.202590667,0.0171356201171875,-0.343154907226562,-0.93310546875,
219165.222549667,0.0651397705078125,-0.384002685546875,-0.874359130859375,
219165.242507667,-0.0035858154296875,-0.379226684570312,-0.903350830078125,
219165.262466667,0.0056610107421875,-0.3533935546875,-0.95172119140625,
219165.282424667,0.0205841064453125,-0.33624267578125,-0.937973022460938,
219165.302383667,0.039459228515625,-0.31646728515625,-0.952163696289062,
219165.322341667,0.0422821044921875,-0.296234130859375,-0.970169067382812,
219165.342269667,0.0412445068359375,-0.28900146484375,-0.951492309570312,
219165.362227667,0.0365142822265625,-0.3233642578125,-0.949249267578125,
219165.382186667,0.03228759765625,-0.358230590820312,-0.941619873046875,
219165.402144667,0.0447540283203125,-0.351333618164062,-0.939178466796875,
219165.422103667,0.0525665283203125,-0.325225830078125,-0.951797485351562,
219165.442061667,0.0544281005859375,-0.309967041015625,-0.961502075195312,
219165.462020667,0.0469512939453125,-0.313446044921875,-0.96002197265625,
219165.481978667,0.05499267578125,-0.315872192382812,-0.956649780273438,
219165.501937667,0.0679779052734375,-0.366180419921875,-0.89874267578125,
219165.521895667,0.0460205078125,-0.381332397460938,-0.9227294921875,
219165.541823667,0.0503997802734375,-0.366043090820312,-0.933425903320312,
219165.561782667,0.04815673828125,-0.337554931640625,-0.943527221679688,
219165.581740667,0.0414886474609375,-0.319900512695312,-0.950225830078125,
219165.601699667,0.0429534912109375,-0.314498901367188,-0.950210571289062,
219165.621657667,0.0460205078125,-0.320877075195312,-0.94830322265625,
219165.641616667,0.051666259765625,-0.338027954101562,-0.94354248046875,
219165.661544667,0.0472259521484375,-0.346389770507812,-0.944549560546875,
219165.681502667,0.04010009765625,-0.334609985351562,-0.9498291015625,
219165.701461667,0.0419921875,-0.319900512695312,-0.950241088867188,
219165.721419667,0.050506591796875,-0.31890869140625,-0.94439697265625,
219165.741378667,0.0496826171875,-0.358367919921875,-1.06417846679688,
219165.761336667,0.004791259765625,-0.371444702148438,-0.967025756835938,
219165.781264667,0.041290283203125,-0.294387817382812,-0.9534912109375,
219165.801223667,0.0596160888671875,-0.268753051757812,-0.961761474609375,
219165.821181667,0.052764892578125,-0.288436889648438,-0.955963134765625,
219165.841140667,0.0420074462890625,-0.3194580078125,-0.94140625,
219165.861098667,0.0431671142578125,-0.339569091796875,-0.939590454101562,
219165.881057667,0.040069580078125,-0.330673217773438,-0.953231811523438,
219165.901015667,0.044921875,-0.309585571289062,-0.950180053710938,
219165.920974667,0.0508880615234375,-0.302703857421875,-0.948699951171875,
219165.940902667,0.05145263671875,-0.312484741210938,-0.952682495117188,
219165.960860667,0.0394439697265625,-0.314041137695312,-0.948226928710938,
219165.980819667,0.044525146484375,-0.322845458984375,-0.94781494140625,
219166.000777667,0.05072021484375,-0.342987060546875,-0.93524169921875,
219166.020736667,0.0491790771484375,-0.338577270507812,-0.936676025390625,
219166.040694667,0.048583984375,-0.3272705078125,-0.941986083984375,
219166.060653667,0.0455474853515625,-0.323837280273438,-0.94439697265625,
219166.080611667,0.04803466796875,-0.322357177734375,-0.94439697265625,
219166.100539667,0.05303955078125,-0.32183837890625,-0.944915771484375,
219166.120498667,0.049560546875,-0.324783325195312,-0.946884155273438,
219166.140456667,0.049102783203125,-0.331649780273438,-0.948394775390625,
219166.160415667,0.05206298828125,-0.32623291015625,-0.949356079101562,
219166.180373667,0.0570220947265625,-0.317886352539062,-0.946380615234375,
219166.200332667,0.0525054931640625,-0.317916870117188,-0.946365356445312,
219166.220290667,0.0384979248046875,-0.321380615234375,-0.950714111328125,
219166.240249667,0.0349884033203125,-0.320907592773438,-0.951187133789062,
219166.260207667,0.03546142578125,-0.31842041015625,-0.956069946289062,
219166.280166667,0.049468994140625,-0.314468383789062,-0.949752807617188,
219166.300124667,0.0579833984375,-0.313491821289062,-0.94439697265625,
219166.320052667,0.0440216064453125,-0.321868896484375,-0.94830322265625,
219166.340011667,0.0390167236328125,-0.323867797851562,-0.945831298828125,
219166.359969667,0.0420379638671875,-0.324371337890625,-0.941452026367188,
219166.379928667,0.0420074462890625,-0.3199462890625,-0.943374633789062,
219166.399886667,0.0399017333984375,-0.30865478515625,-0.94622802734375,
219166.419845667,0.04638671875,-0.305191040039062,-0.947219848632812,
219166.439803667,0.051513671875,-0.31793212890625,-0.94439697265625,
219166.459762667,0.0490264892578125,-0.321853637695312,-0.946365356445312,
219166.479720667,0.04998779296875,-0.315963745117188,-0.946334838867188,
219166.499648667,0.0484466552734375,-0.312026977539062,-0.948745727539062,
219166.519607667,0.04547119140625,-0.316436767578125,-0.951705932617188,
219166.539565667,0.041473388671875,-0.317413330078125,-0.955108642578125,
219166.559524667,0.0670928955078125,-0.322799682617188,-0.937652587890625,
219166.579482667,0.0303955078125,-0.310623168945312,-0.952560424804688,
219166.599441667,0.0319976806640625,-0.322921752929688,-0.944320678710938,
219166.619399667,0.061981201171875,-0.310073852539062,-0.938522338867188,
219166.639358667,0.0431060791015625,-0.332656860351562,-0.9478759765625,
219166.659316667,0.006927490234375,-0.323928833007812,-0.958892822265625,
219166.679275667,0.016876220703125,-0.308868408203125,-0.928466796875,
219166.699233667,0.05712890625,-0.272109985351562,-0.976943969726562,
219166.719192667,0.05841064453125,-0.242752075195312,-0.967453002929688,
219166.739150667,0.0554046630859375,-0.30364990234375,-0.951187133789062,
219166.759109667,0.0446319580078125,-0.33563232421875,-0.9420166015625,
219166.779067667,0.0480804443359375,-0.328720092773438,-0.944931030273438,
219166.798995667,0.0503997802734375,-0.305633544921875,-0.951171875,
219166.818954667,0.0568695068359375,-0.300186157226562,-0.956069946289062,
219166.838912667,0.034271240234375,-0.2972412109375,-0.973068237304688,
219166.858871667,0.024688720703125,-0.291290283203125,-0.990127563476562,
219166.878829667,0.0236968994140625,-0.287155151367188,-0.947479248046875,
219166.898788667,0.0961761474609375,-0.324630737304688,-0.937820434570312,
219166.918716667,0.0727081298828125,-0.335983276367188,-0.943649291992188,
219166.938674667,0.038543701171875,-0.326309204101562,-0.94781494140625,
219166.958633667,0.055450439453125,-0.30859375,-0.945831298828125,
