timestamp,emg1,emg2,emg3,emg4,emg5,emg6,emg7,emg8
42680161615,0,-1,-4,-8,-1,1,-2,-2
42680161615,0,4,-21,19,-3,3,2,2
42680167090,3,-1,-7,4,-3,-2,1,2
42680167090,-1,3,0,-5,0,-2,-7,-7
42680167878,-5,-2,-1,8,-2,-2,2,2
42680167878,0,0,-7,0,-1,1,0,0
42680169476,-2,0,4,-6,0,-7,-9,-6
42680169476,-3,-6,-5,-4,3,4,3,-2
42680189480,4,-2,-12,1,-2,-1,1,1
42680189480,-3,-5,7,-10,-4,-1,-5,-1
42680193133,-1,0,-4,-4,-1,0,-10,-10
42680193133,1,-1,1,-2,-2,-3,0,1
42680203780,-2,-2,2,-2,-2,-1,0,-1
42680203780,0,-3,3,-6,-5,-1,4,6
42680210113,-2,0,-2,-7,-2,-1,-1,6
42680210113,-5,-1,-9,7,-5,-5,-2,1
42680218796,-4,3,1,0,1,4,0,3
42680218796,-4,4,1,-1,1,-4,8,8
42680232971,0,1,-1,4,-3,2,2,2
42680232971,-2,0,-2,2,-3,-1,-1,4
42680240270,-5,0,2,-1,-6,-3,6,6
42680240270,1,-1,6,-8,0,0,-2,0
42680250180,3,1,-37,13,-3,4,1,2
42680250180,-1,-2,-1,2,-1,1,3,2
42680286896,-1,-2,-13,3,-6,0,0,0
42680286896,0,-2,0,0,-3,4,8,3
42680287683,0,0,-1,-10,3,-1,-1,-8
42680287683,-4,0,-2,8,-4,-2,-2,-2
42680294578,-1,2,-2,0,-2,-1,0,7
42680294578,-2,-2,7,-9,0,-6,-11,-7
42680295406,1,-5,-3,11,-1,-2,-4,-2
42680295406,0,2,1,1,-2,-5,3,3
42680308788,1,-2,7,-10,0,-2,-18,-16
42680308788,3,0,-12,16,-4,0,-1,2
42680310357,-4,0,-6,0,1,0,5,7
42680310357,1,1,4,-13,0,-3,-21,-19
42680314890,3,-2,-2,4,-1,4,5,4
42680314890,1,-5,4,-6,-3,-4,-3,-3
42680329931,3,6,7,-7,-3,-2,-9,-6
42680329931,-4,3,-5,4,2,1,5,5
42680337398,-2,-3,-4,-11,-1,-3,-4,-6
42680337398,-6,0,3,-8,-3,-1,-11,0
42680346373,-3,-6,-5,-6,-1,-2,-13,-14
42680346373,-3,-4,-1,-9,-4,-1,-4,-3
42680359912,-2,-1,3,-4,-1,-2,-3,-7
42680359912,0,0,-1,-7,-1,-2,-22,-17
42680368936,4,2,-2,1,-5,-2,-3,0
42680368936,-5,0,2,-5,-4,-3,-5,-4
42680374934,0,-1,13,-4,1,1,-15,-6
42680374934,0,-1,-2,6,0,2,1,-2
42680389944,-3,-1,-1,-2,-3,-3,-5,-4
42680389944,2,-6,-3,0,-4,2,0,3
42680397434,-2,-3,-4,-4,-3,1,5,-1
42680397434,-1,3,7,8,0,-4,2,1
42680406362,-5,-3,0,-2,-5,0,-3,2
42680406362,1,-4,1,-5,-2,4,-3,0
42680420391,-4,-3,1,-10,-3,-4,0,-2
42680420391,-2,1,-4,-7,-4,-1,-1,-1
42680428857,0,-3,-3,-9,6,0,-4,-11
42680428857,0,-1,-11,15,-4,-4,0,1
42680434904,2,-2,-3,1,-2,0,-2,3
42680434904,1,-5,6,-7,-2,-5,-11,-13
42680449933,-3,-4,-1,6,-3,8,6,8
42680449933,-4,-6,3,-16,-2,-5,-3,-5
42680457382,-6,-3,8,-3,-2,0,-3,-4
42680457382,-6,-4,-9,4,1,0,12,11
42680466394,-2,1,5,-11,-3,-5,-3,-1
42680466394,2,4,10,-8,5,0,-2,-5
42680479948,-1,4,-8,0,1,-3,-6,-9
42680479948,1,0,3,-6,-5,2,-1,0
42680488878,-4,-3,15,-15,-1,-3,-12,-5
42680488878,-4,-5,-7,5,5,1,0,0
42680494938,0,1,-4,0,-4,-5,1,3
42680494938,-1,3,5,-8,-2,-3,4,3
42680509909,-4,1,-8,-3,2,-1,-6,-11
42680509909,1,-4,-13,5,-4,-1,0,0
42680517408,-4,-5,-1,-1,-2,-2,-2,-4
42680517408,0,2,-7,-5,4,1,-6,-11
42680526395,1,0,-12,5,-8,-1,4,6
42680526395,0,-1,15,-14,-2,-2,-11,-9
42680539864,-1,1,-1,1,2,-1,-3,-4
42680539864,-2,-6,-2,0,-1,3,-3,-2
42680548892,5,-1,1,2,-5,-4,-1,4
42680548892,2,5,1,-10,3,-3,-23,-19
42680554920,0,1,-11,5,-4,2,1,3
42680554920,-1,-1,7,-1,-5,-2,-2,1
42680569897,-6,-1,1,-4,1,-3,-4,-10
42680569897,-2,-1,-9,4,-1,-2,2,2
42680577435,-1,2,14,-10,-1,-3,-8,-7
42680577435,0,-1,-14,20,4,0,-1,1
42680586416,0,0,-5,4,-7,-3,1,4
42680586416,-1,4,6,-9,1,-4,-12,-15
42680599920,0,0,-3,19,1,0,1,0
42680599920,0,6,-11,-1,-3,2,-3,-3
42680608919,0,-1,0,0,1,-3,1,-4
42680608919,-5,-2,-27,19,-5,2,6,5
42680623101,0,-1,2,0,-1,0,2,7
42680623101,2,3,2,-8,0,-7,0,-2
42680629905,1,4,-14,26,2,3,-1,3
42680629905,3,-6,-3,-2,-4,1,5,4
42680637368,0,2,-7,-2,1,-4,2,-1
42680637368,0,-2,-10,18,-3,3,1,4
42680652399,-4,-1,6,-3,-3,-1,9,8
42680652399,0,-2,1,-1,2,2,1,-1
42680659911,-1,-2,-24,0,-6,0,-2,0
42680659911,-1,-1,-3,-9,-3,-6,3,2
42680668901,-2,-2,1,-7,2,-3,4,1
42680668901,-1,0,-11,-1,-6,2,0,2
42680674886,1,-4,16,-14,0,3,-16,-12
42680674886,0,-3,-11,11,-1,0,1,1
42680689925,0,0,-10,-4,-2,0,-4,-5
42680689925,-1,3,6,-5,-6,2,2,0
42680697405,-1,-3,-19,14,-2,0,1,1
42680697405,-4,-5,12,-13,-4,-2,-8,-2
42680712389,2,2,-3,3,2,4,-5,-3
42680712389,3,-1,-7,0,-3,-5,3,3
42680719919,1,4,-7,0,-4,3,1,0
42680719919,-3,-5,3,-12,-2,-1,-5,-2
42680728875,-2,0,-18,8,-5,-2,2,4
42680728875,0,-2,4,-1,-2,0,7,8
42680734872,-1,-4,-2,-8,0,-3,2,-5
42680734872,-3,3,-26,-1,0,-3,0,-1
42680749889,-3,1,3,-4,-7,-3,-6,4
42680749889,2,-1,6,-5,-1,0,-9,-9
42680757380,0,0,-7,14,-1,-1,-1,1
42680757380,0,1,8,-8,-4,0,-7,2
42680772451,-2,-2,-2,-5,1,-2,-2,-10
42680772451,0,0,-10,5,-6,-3,0,7
42680779947,-3,3,8,-16,-1,-5,-10,-9
42680779947,3,-4,0,15,0,2,-1,-3
42680788947,1,-2,-7,3,-5,-5,3,9
42680788947,-1,-3,1,0,5,0,-5,-1
42680794943,-1,-3,-7,11,0,-1,-1,0
42680794943,-1,0,-7,-1,-2,0,-4,-5
42680809952,-1,0,-1,-9,-4,0,-8,-7
42680809952,0,-5,-14,18,-4,3,2,1
42680825640,-1,-2,2,-6,-5,4,4,9
42680825640,1,2,-3,-8,4,1,-3,-5
42680832444,0,-10,-15,3,-2,3,1,1
42680832444,-3,1,6,-6,-1,-4,2,5
42680839954,2,-3,-2,-1,1,1,0,-1
42680839954,-1,-3,-6,-4,-7,0,2,2
42680848892,0,0,18,-16,0,-2,-16,-13
42680848892,-4,-1,-7,5,-2,0,-5,-3
42680854860,-1,-3,-13,2,-7,3,0,2
42680854860,-5,-2,17,-9,1,-1,-9,-10
42680869928,-1,2,0,7,-1,-3,1,0
42680869928,-1,0,-8,-5,-4,-1,0,-3
42680877424,0,-5,22,-10,-2,-6,-17,-9
42680877424,-1,-5,-7,16,1,-2,-1,0
42680892402,0,-4,2,1,-4,0,-2,-1
42680892402,-3,3,23,-18,0,-3,-26,-19
42680899918,0,-3,-8,27,2,-1,4,1
42680899918,-2,0,0,-3,-3,2,-5,-4
42680908902,-3,-4,-1,-12,2,1,-17,-21
42680908902,-2,-2,-11,2,-4,1,9,6
42680923151,-1,0,8,-14,-3,-8,-2,1
42680923151,2,0,-4,-4,3,-4,0,-8
42680929931,1,0,-4,5,-1,1,5,5
42680929931,-1,5,7,-4,-2,2,-5,-1
42680937434,-2,-1,-5,-4,2,1,-1,0
42680937434,0,-2,-5,0,-6,0,-2,1
42680952435,2,5,10,-4,-2,-1,-8,-4
42680952435,1,2,0,-2,1,-2,1,0
42680959937,-1,2,3,-2,-4,2,1,1
42680959937,-1,5,11,-11,2,1,-40,-35
42680968859,-1,1,-21,11,-2,0,1,2
42680968859,-4,-1,3,-10,-1,1,-7,0
42680983107,-2,0,-8,12,6,0,0,0
42680983107,1,-3,-16,2,-6,-1,4,6
42680989938,-3,-5,3,-8,-5,-2,-3,1
42680989938,-1,-5,-4,10,2,-5,-4,-6
42680997455,-1,-2,-12,-6,-2,2,-4,-4
42680997455,4,-1,4,-5,-3,-6,5,8
42681012459,-1,-4,-2,13,3,0,2,3
42681012459,-3,-3,-13,0,-3,0,6,5
42681019992,0,3,14,-6,-2,-2,-3,-3
42681019992,-2,1,-17,10,-2,-1,2,3
42681028875,0,2,8,-12,-2,-5,-6,-5
42681028875,4,-1,-2,17,1,5,-2,-2
42681043094,-4,1,-3,-3,-2,4,-1,3
42681043094,1,-2,3,-13,1,-1,-4,-11
42681049972,-4,2,-22,5,-2,-4,1,0
42681049972,-4,2,6,-14,-2,-4,-20,-17
42681057451,-4,2,-21,3,-6,1,-1,-1
42681057451,-1,0,2,-4,-4,-1,9,14
42681072417,-1,1,1,13,3,2,0,2
42681072417,0,-2,-5,1,-4,-1,4,6
42681079979,0,-3,2,-20,2,-3,-11,-12
42681079979,-6,-2,-25,10,-2,-2,0,1
42681088896,-4,-2,13,-10,-1,1,-8,-8
42681088896,-2,1,-18,11,0,-2,6,4
42681103094,2,-1,-7,-2,-4,-2,0,-1
42681103094,-7,-3,0,-11,3,0,-20,-19
42681118083,3,-1,-15,5,-2,-3,0,-1
42681118083,0,-4,1,-11,-6,1,1,7
42681118851,4,-2,-3,-5,2,-2,0,1
42681118851,3,0,-5,1,-6,-2,8,12
42681132457,0,-6,7,-14,2,-2,-5,2
42681132457,0,4,-8,2,-3,2,-3,-5
42681139957,-2,-1,5,-7,-1,-6,-8,-6
42681139957,0,-2,-18,7,0,1,6,7
42681148894,0,2,6,-10,-1,2,-10,-2
42681148894,-1,0,-5,10,-2,2,-4,-2
42681163089,-4,-2,-6,1,-7,4,0,5
42681163089,1,-1,9,-12,2,0,-4,-8
42681169926,-3,-2,-25,3,-5,1,0,0
42681169926,-3,-1,5,-9,-3,1,8,2
42681177428,-1,-3,-15,20,4,0,2,1
42681177428,-1,-2,0,-2,-6,0,-8,7
42681192473,-1,0,-3,4,0,1,1,1
42681192473,-3,-3,-12,0,-5,-1,-2,-1
42681199876,0,2,4,-7,-3,-1,-14,2
42681199876,-5,-1,-1,-6,-1,-2,2,1
42681208901,-6,-2,-4,1,-6,1,2,4
42681208901,0,-2,21,-15,0,-8,-19,-12
42681223129,0,-5,1,10,0,0,-1,-2
42681223129,-2,-2,-4,6,-2,3,0,6
42681229876,3,-2,-4,13,3,-4,-3,-3
42681229876,1,0,-7,1,-3,7,-1,1
42681237402,1,3,7,-20,-3,-3,-25,-19
42681237402,-3,-1,-3,7,-3,3,-1,-2
42681252400,0,2,13,-12,0,-4,-14,-9
42681252400,3,2,-16,8,-1,-4,-3,-2
42681259907,-1,0,15,-8,-3,0,-10,-9
42681259907,1,0,-12,-2,-3,-3,-4,-4
42681274928,0,-2,-3,-6,-5,3,-4,0
42681274928,3,-2,-3,-14,4,-9,-3,-9
42681283142,-4,0,-6,8,-4,0,6,8
42681283142,-3,3,5,-5,5,-1,3,-5
42681298075,-6,-4,-12,1,-4,4,1,0
42681298075,-2,-1,19,-11,-2,-2,-19,-7
42681298861,0,1,-10,13,-3,-1,7,2
42681298861,1,4,15,-2,-3,-5,-9,-9
42681312423,0,2,-3,13,4,4,5,2
42681312423,-4,-6,-7,-4,-3,1,1,7
42681319909,-1,2,1,-7,1,-3,10,6
42681319909,-1,-4,0,3,-5,-2,-3,-2
42681336425,0,1,3,-9,2,-2,2,-2
42681336425,0,1,-12,9,-1,-4,4,1
42681343121,0,-1,6,-6,0,0,-12,-11
42681343121,-2,-1,-19,15,-1,1,3,4
42681358082,-1,-2,19,-11,-1,-5,-19,-13
42681358082,-1,-4,-14,7,1,-1,-1,-1
42681358836,5,0,5,-1,-2,2,-7,-2
42681358836,2,-1,-2,13,3,1,-2,0
42681372425,2,-4,-12,-11,-11,-5,8,8
42681372425,-2,-4,-4,9,1,3,-4,-3
42681379943,-1,2,-16,7,-3,3,2,3
42681379943,-2,-4,4,-13,3,0,-27,-24
42681394937,-1,-3,-15,1,-5,-3,1,1
42681394937,-2,3,8,-13,2,-5,-9,-9
42681403146,3,-3,-13,19,3,2,3,-1
42681403146,-1,-4,-2,-2,-3,-1,3,8
42681418060,-1,-1,-2,-16,4,-2,-2,-9
42681418060,-2,0,-22,-1,-5,1,0,0
42681418882,-6,-3,15,-17,1,-8,-18,-15
42681418882,1,0,-14,5,1,-3,-1,-1
42681432442,-2,-4,2,4,-7,-2,0,3
42681432442,1,0,1,-12,3,-5,-12,-16
42681439937,-1,1,-10,5,-3,0,1,0
42681439937,0,-3,-9,-6,-5,-1,16,6
42681454945,-2,0,-16,15,-3,-1,2,1
42681454945,-2,-1,7,0,-4,2,2,8
42681463130,3,-3,-7,4,0,-5,-2,-3
42681463130,3,-1,5,-13,-6,2,-14,-3
42681478069,1,3,-2,-11,1,9,0,-4
42681478069,2,3,-2,-1,-7,1,1,8
42681478847,-14,-4,6,-19,-3,-2,-13,-10
42681478847,-11,-4,-11,6,-4,2,2,3
42681500663,6,3,10,-9,0,-4,-29,-15
42681500663,3,-3,-15,8,-1,-1,2,2
42681501362,2,-1,0,-5,-5,4,7,5
42681501362,1,0,3,2,0,-3,-1,1
42681514936,0,3,-7,8,-3,2,1,0
42681514936,2,1,8,-13,1,-10,-7,-10
42681523086,2,1,-1,15,-5,-1,2,2
42681523086,0,-3,0,3,-8,1,-6,0
42681538084,5,1,17,0,-5,-7,-17,-9
42681538084,0,-2,-6,10,-4,-11,2,5
42681538857,8,0,-5,-4,-6,-4,8,8
42681538857,2,4,-13,11,-2,1,-3,-3
42681552411,-10,-1,-17,15,-1,10,7,7
42681552411,-2,-2,-6,3,-2,8,-2,4
42681559926,-25,-1,-12,0,-20,4,-2,2
42681559926,-5,1,24,-27,2,-4,-26,-22
42681574926,-2,-3,0,-6,1,-6,-2,-3
42681574926,8,-3,-9,3,1,-2,-4,-4
42681583130,6,-3,1,-11,3,-1,-6,-4
42681583130,5,5,-4,2,-8,7,6,8
42681598068,3,-5,11,-8,0,-4,-12,-4
42681598068,-1,-2,-2,8,-2,4,2,2
42681598872,3,-2,10,-12,2,3,-29,-22
42681598872,-2,2,-1,5,-6,0,6,7
42681612415,2,3,0,-2,1,5,-1,-1
42681612415,-1,-3,4,3,-10,0,0,-1
42681619917,-1,1,3,3,4,-6,8,7
42681619917,-10,-8,25,-15,-1,-6,-33,-30
42681634879,-4,0,1,38,-17,6,-14,-14
42681634879,5,-4,5,94,-28,8,21,18
42681643127,2,3,-3,98,-33,2,33,22
42681643127,-6,2,-8,127,-28,44,23,11
42681658155,-8,-4,-5,21,12,42,15,11
42681658155,34,0,5,-90,81,21,-3,-4
42681658898,26,-3,-7,-100,81,-22,-3,0
42681658898,-25,0,-2,-128,63,-40,-4,5
42681672422,-14,3,0,-41,45,-39,2,2
42681672422,-14,0,4,-13,15,-31,-6,-4
42681679879,-4,-4,-4,-32,-4,-16,-53,-35
42681679879,1,-2,-2,-26,-35,-34,-56,-34
42681694898,-10,3,-3,-10,-52,-17,-11,-6
42681694898,-13,1,0,11,-11,28,-14,-9
42681703150,1,-2,-5,2,-12,22,11,8
42681703150,19,0,-4,19,14,26,1,-1
42681718146,6,-2,1,20,2,3,-4,-1
42681718146,-2,1,-1,15,-14,0,-6,-3
42681718892,-3,2,-2,19,-3,17,1,2
42681718892,3,-1,-5,17,2,0,10,5
42681732600,5,5,-5,11,4,6,6,4
42681732600,-1,-2,0,4,1,0,-3,0
42681740007,-13,-2,1,-13,-13,-22,-36,-25
42681740007,11,6,1,2,0,24,8,4
42681763978,8,-1,-6,2,3,5,7,5
42681763978,-12,1,5,-10,4,-6,-8,-7
42681764733,-3,1,-4,-1,-6,-5,1,-8
42681764733,5,-8,-6,4,2,-3,7,2
42681778257,-2,2,-6,4,1,5,0,0
42681778257,-4,0,1,-9,-2,-3,-7,-6
42681778973,-10,-4,-2,-7,-18,-4,-23,-16
42681778973,4,-1,0,8,1,2,6,6
42681792490,-3,-6,-4,-10,10,-7,-3,-12
42681792490,-12,2,2,-4,-5,0,-5,-7
42681800124,5,-1,-6,15,4,11,10,7
42681800124,4,-1,3,4,5,-2,2,-6
42681815082,-5,0,-4,-4,1,2,1,4
42681815082,-4,-3,-5,2,-8,-6,-5,-7
42681823382,1,-3,-3,7,4,3,-4,-17
42681823382,-3,-1,-4,2,2,-10,5,4
42681838281,3,-1,0,-2,10,-7,-3,-3
42681838281,8,0,-3,-7,-10,4,-12,-11
42681838992,-2,1,-5,2,-1,-2,-5,-12
42681838992,0,-3,0,7,-5,13,-9,-6
42681852561,-5,2,6,-18,-26,-14,-54,-39
42681852561,0,-2,1,-2,8,0,-3,-2
42681860005,1,1,-2,-3,0,-6,0,7
42681860005,2,3,-2,6,-8,15,-14,-17
42681883827,-12,-5,-1,-5,4,4,9,19
42681883827,-2,1,-3,-7,-14,-10,-6,-3
42681884605,14,3,1,12,0,21,9,13
42681884605,-6,0,1,-23,-32,-23,-62,-59
42681897407,5,0,0,8,13,7,5,3
42681897407,-4,-1,1,-6,-5,-10,-4,-4
42681913774,1,-2,-1,14,22,8,49,49
42681913774,-4,-3,-6,-13,-4,-18,12,14
42681915365,13,2,-2,8,-6,19,-3,-5
42681915365,-17,-1,0,-16,-23,-14,-35,-44
42681919923,-4,-3,-2,-2,-13,-8,8,-1
42681919923,-5,6,-3,-6,5,-7,7,9
42681942856,16,-6,-2,-6,-11,-3,-1,-3
42681942856,2,-3,1,-5,0,-5,-23,-9
42681950598,4,1,-1,8,-5,19,-21,-17
42681950598,-3,2,0,-17,-24,-15,-42,-41
42681957444,-17,-1,0,-5,0,-7,-1,-3
42681957444,-3,-1,0,13,-4,21,2,0
42681965641,-5,2,3,-4,-4,-8,-35,-15
42681965641,6,-2,1,1,8,1,13,12
42681972390,9,-2,3,-15,-36,-18,-49,-60
42681972390,22,-1,-2,6,0,0,3,2
42681979909,0,-2,-3,-10,10,-9,-14,-17
42681979909,-4,-3,1,14,5,7,7,10
42681994916,-15,2,1,-3,10,-23,10,11
42681994916,-14,3,-1,4,4,-7,44,19
42682003146,1,6,-3,-8,-4,-5,-2,-8
42682003146,8,-3,-7,2,13,4,1,-1
42682017603,11,2,-4,-4,-3,-2,10,-1
42682017603,2,-3,2,-2,-4,-4,-6,0
42682025781,2,-4,-1,8,9,9,36,30
42682025781,-8,-1,3,-13,1,-8,2,1
42682040686,-2,-1,-3,15,23,13,4,39
42682040686,1,-2,-4,-3,6,-9,-55,-14
42682041401,-10,-5,2,12,-7,-1,-17,-16
42682041401,-6,-2,-2,12,-18,-8,30,6
42682055106,6,-6,-6,-9,-2,-17,20,-1
42682055106,-11,-3,2,0,1,-1,3,10
42682063294,4,-1,1,-9,-7,4,-17,-23
42682063294,-15,3,0,-22,-1,-16,-29,-45
42682077476,9,0,0,5,-5,0,2,-4
42682077476,18,1,-1,-8,-17,-12,3,-4
42682085810,3,-2,-1,-1,-16,-8,10,-2
42682085810,7,1,3,19,1,5,8,15
42682100797,7,-1,2,0,-4,-10,-21,-12
42682100797,0,0,-2,-9,-6,3,12,-2
42682101505,-10,0,0,8,-1,-4,29,0
42682101505,-2,-7,-4,4,1,0,3,12
42682114979,-13,-2,-5,0,1,9,-2,0
42682114979,-7,-2,-10,-14,-4,-11,17,-22
42682123137,-8,-4,2,-5,0,-7,-9,2
42682123137,-1,-4,-4,-11,6,1,-24,-6
42682137653,0,1,-6,-1,-4,4,3,-6
42682137653,0,1,1,-2,12,7,-1,9
42682145706,7,-2,-1,-14,1,3,-12,-3
42682145706,1,0,1,-4,8,1,6,21
42682160383,7,-2,2,-13,2,-4,-5,0
42682160383,-44,-1,0,-14,10,3,1,0
42682168303,-18,3,0,-12,17,1,1,1
42682168303,-1,1,1,-13,-2,-1,9,8
42682175123,23,3,-2,12,3,21,37,55
42682175123,44,4,-5,1,9,28,-12,-5
42682190624,16,8,-3,6,-9,-14,-5,8
42682190624,-85,-1,1,1,-6,11,6,11
42682197485,39,-10,6,8,-50,-33,-50,-11
42682197485,-47,-15,0,46,61,23,65,67
42682205653,-11,-6,-4,39,24,0,0,-10
42682205653,40,-1,-7,15,43,-6,44,52
42682220609,-59,1,-8,-14,-42,12,5,-66
42682220609,59,4,2,20,-74,-3,12,2
42682221374,18,-3,-8,-20,-48,17,-9,2
42682221374,36,-1,-9,5,-25,31,-9,-18
42682234974,24,2,-2,-26,11,3,10,6
42682234974,-6,-2,3,-13,-4,1,-6,-10
42682250657,-28,0,1,17,17,7,15,4
42682250657,8,-1,5,4,1,-11,-7,-15
42682257405,-18,-5,3,2,21,0,8,-11
42682257405,0,-1,-2,9,11,-1,-2,12
42682265605,11,-5,1,-12,21,-2,4,27
42682265605,-12,-4,3,-15,4,2,-6,-15
42682280641,-16,0,-3,1,8,-6,-9,-2
42682280641,-4,1,-2,-3,6,-4,-6,-15
42682281420,-5,-5,2,-17,1,-1,1,0
42682281420,2,-1,-3,-5,-9,-2,-2,-3
42682295153,0,-4,0,-4,5,4,2,4
42682295153,1,-1,-4,-16,-2,-13,-7,-10
42682303231,-22,1,-3,16,-3,-2,58,31
42682303231,5,-3,4,15,-10,9,6,6
42682317632,-2,0,-2,4,4,6,4,16
42682317632,15,-2,-5,-9,-3,5,-3,-2
42682325899,23,-2,-3,-13,-8,6,-9,-6
42682325899,-3,-1,-4,-10,0,-3,13,23
42682340712,3,2,3,1,4,-1,8,1
42682340712,13,0,-6,12,0,-2,0,-3
42682341475,1,-2,-1,1,1,-5,-5,-12
42682341475,12,-2,-2,12,4,-4,4,1
42682355137,-5,2,-1,12,-1,6,5,22
42682355137,-15,2,1,-6,-4,-4,-3,-5
42682363952,4,1,-1,-1,-2,-6,-7,4
42682363952,2,-3,0,-13,-5,2,-3,-2
42682377516,-7,-5,-4,-2,-2,5,-2,-6
42682377516,-8,1,0,-5,-4,3,-1,-5
42682386554,-3,-4,-1,-4,-9,-1,-7,0
42682386554,2,1,0,-28,-7,-12,1,-40
42682400154,-7,-2,-4,-30,7,-10,4,-55
42682400154,-1,-4,2,-44,-2,-12,-92,-62
42682409082,-2,1,-2,-36,8,-11,-54,-65
42682409082,-7,0,1,-39,5,-11,-49,-71
42682415178,-6,-2,1,-30,0,-7,-69,-21
42682415178,-4,1,5,-16,-2,-4,5,-10
42682424099,2,1,4,-12,-1,-1,-19,-16
42682424099,2,2,2,17,-5,3,-4,18
42682437681,0,-2,7,0,-1,0,5,-2
42682437681,-3,0,5,-4,1,-3,2,-6
42682446542,1,-2,-2,14,-4,8,-1,10
42682446542,-2,2,-1,6,-4,-1,10,6
42682468914,-1,0,-6,13,-3,4,-4,-4
42682468914,-8,0,-2,18,-7,4,0,2
42682470422,1,1,-1,10,-9,-33,6,2
42682470422,-3,-2,3,6,-10,6,-10,-1
42682475020,2,0,0,-1,-7,-4,-6,-7
42682475020,3,-3,-3,-4,-9,4,5,4
42682491418,-2,-5,-1,-1,-3,-11,0,-2
42682491418,-4,0,-6,-1,-8,4,-5,1
42682497459,-7,-3,0,-4,-11,2,1,5
42682497459,3,-2,-4,5,-2,-2,10,0
42682506420,-5,-3,0,-1,-4,12,-3,-2
42682506420,-3,3,-5,-6,-3,-7,-6,2
42682519949,-5,1,-4,-14,5,-9,-27,-12
42682519949,0,1,-5,-34,7,-18,-54,-35
42682528894,-3,0,-1,-17,2,-14,-25,-13
42682528894,1,-6,-1,-1,-7,-19,-9,-2
42682534925,-1,-2,-3,-7,-31,3,6,22
42682534925,-3,-5,3,36,-50,27,67,70
42682543961,-4,2,-1,-6,-35,48,34,28
42682543961,-5,4,-2,39,-29,52,87,73
42682557461,-5,-3,-5,53,-61,19,126,106
42682557461,4,0,1,13,-101,12,114,113
42682566407,5,-6,-4,25,-125,-15,72,127
42682566407,-6,-1,1,-71,34,19,-76,-89
42682579966,1,1,5,-35,112,-89,-128,-128
42682579966,-4,-3,-8,-85,127,-54,-128,-128
42682588896,-1,-2,1,54,77,-13,21,45
42682588896,4,-7,1,20,62,-11,-47,-22
42682595123,-5,-3,-2,-21,103,-33,-103,-95
42682595123,-12,-3,1,-40,122,-17,-119,-128
42682603994,-1,2,1,-34,127,73,-73,-128
42682603994,-6,-3,-2,78,-86,-107,38,100
42682617533,26,0,-1,-21,0,-36,113,-87
42682617533,25,-2,-1,-75,90,77,103,-14
42682626480,-13,1,2,1,75,78,58,-31
42682626480,3,-5,-1,48,-49,34,80,38
42682640156,-5,1,-6,62,-128,26,72,121
42682640156,-15,2,5,76,-128,-1,65,127
42682648969,3,-1,-1,0,-114,-26,32,96
42682648969,8,2,-6,-7,-101,9,34,107
42682655195,-13,-2,3,-13,-128,3,62,99
42682655195,9,-5,-6,3,-111,-2,127,89
42682671509,-6,-2,-4,-13,-118,-18,124,98
42682671509,-5,2,5,-26,-52,-29,112,18
42682677570,6,-1,4,-49,-40,22,20,17
42682677570,-8,-1,1,13,-12,-8,17,20
42682692647,7,-3,0,-3,-29,-46,31,9
42682692647,6,-7,-5,-15,24,13,-6,-20
42682700183,-5,-3,5,14,56,18,-10,-24
42682700183,-8,0,2,9,9,-13,1,6
42682708980,-2,2,-1,-5,-13,-22,-20,-43
42682708980,-3,3,-6,-26,45,5,-44,-98
42682715091,-2,2,-6,1,19,14,-17,-16
42682715091,-5,-2,-1,35,0,-21,-10,2
42682724043,4,0,-2,-7,6,-13,-17,-11
42682724043,-3,-2,1,-7,34,5,-17,16
42682746404,3,-1,1,1,17,6,-16,30
42682746404,4,4,2,1,9,-8,-15,7
42682747970,3,-2,1,-9,23,-16,-28,-10
42682747970,-6,0,3,-2,23,1,-31,-15
42682760039,-3,1,1,7,4,14,4,23
42682760039,0,0,7,1,7,1,-9,-12
42682776848,-1,-4,14,-10,8,-5,-44,-29
42682776848,0,-4,3,-10,-1,-4,-15,-3
42682783617,0,-6,-5,6,-17,7,-1,10
42682783617,-3,-6,-18,20,-2,2,-2,-5
42682789936,-2,2,-10,17,-16,-4,13,-5
42682789936,2,1,2,-11,5,1,-18,-14
42682797486,2,3,3,-6,9,-2,4,-7
42682797486,-3,-4,1,4,-12,-2,20,9
42682806464,-5,0,-2,2,0,-7,-7,0
42682806464,3,-6,5,-14,14,3,-21,-23
42682812432,-4,2,-6,5,2,-1,-9,1
42682812432,1,-4,-6,7,-8,-5,-2,2
42682828928,1,-5,1,-8,9,-2,-13,-9
42682828928,-1,1,-16,13,-20,5,58,27
42682834909,1,-3,-9,11,-30,-4,76,50
42682834909,4,-1,19,-13,7,-3,-46,-41
42682851445,2,-3,9,-13,29,0,-84,-44
42682851445,1,1,-4,6,12,-5,-33,-6
42682857716,-1,-2,-16,11,-16,18,40,37
42682857716,1,-1,-9,5,-12,-4,21,12
42682866584,0,1,4,-10,20,14,-44,-30
42682866584,-6,0,-19,8,11,30,-9,2
42682872575,-1,0,-7,1,-1,-1,13,9
42682872575,2,-1,-2,0,-9,-9,12,5
42682888991,-13,-7,34,-16,3,-39,-14,-21
42682888991,0,-3,-20,13,-14,21,28,19
42682895110,-5,4,-28,14,-4,79,29,16
42682895110,-10,3,-1,-7,5,11,0,-5
42682903954,-4,0,-22,5,-16,-6,33,31
42682903954,-5,0,-8,-3,-11,4,5,12
42682917600,8,0,-3,0,-20,-16,-1,15
42682917600,3,-4,-15,12,-25,24,8,32
42682926479,7,0,-40,45,-37,32,64,73
42682926479,-4,-1,14,9,-51,-67,30,32
42682932558,3,-7,11,32,-16,-13,-57,-16
42682932558,23,1,25,44,14,-22,-63,-50
42682948953,8,1,32,108,-40,-10,-31,-13
42682948953,-4,6,23,122,-13,21,-23,-8
42682955035,-9,8,56,-10,92,-25,-107,-127
42682955035,101,8,33,-92,109,-23,-108,-110
42682964056,-91,5,-23,-128,63,-55,-5,33
42682964056,-15,2,-31,-128,52,-72,-93,-35
42682977595,-38,4,-40,-9,-80,3,50,46
42682977595,20,-1,-37,52,-126,64,127,127
42682986605,36,-4,-16,-57,26,-68,-63,-97
42682986605,-28,-3,-1,-45,88,38,-102,-113
42682992639,-44,-3,-1,-81,90,-18,-40,-10
42682992639,0,5,-4,-71,75,32,-30,-15
42683009040,56,4,1,2,-37,86,92,82
42683009040,-17,2,10,-42,15,-11,26,12
42683015126,-48,-12,6,-64,82,-83,-128,-128
42683015126,-63,-5,2,61,48,-39,-99,-100
42683031472,25,2,4,81,52,40,-41,-50
42683031472,48,1,9,62,-33,4,59,45
42683046347,45,1,5,64,-3,11,-6,-24
42683046347,48,7,-9,82,-75,29,56,39
42683047960,32,6,-4,51,-13,37,-40,-38
42683047960,-86,-22,-3,-76,5,-72,-78,-87
42683052425,-55,-9,-8,-69,-24,-50,-50,-45
42683052425,-33,4,-3,-22,10,-7,-57,-47
42683069419,77,9,0,75,-102,78,82,77
42683069419,96,10,6,89,-128,103,127,127
42683074930,-50,-16,-8,-62,-95,-69,87,84
42683074930,-128,-21,-9,-128,11,-124,-94,-101
42683083949,-61,-9,-1,-83,46,-53,-105,-128
42683083949,12,5,0,17,47,25,-62,-61
42683097439,2,8,1,-11,32,-9,-28,-46
42683097439,-16,-10,-11,-10,-7,-23,36,34
42683106457,-50,-16,-8,-55,-11,-57,51,52
42683106457,25,0,2,14,-12,3,65,56
42683112457,69,-2,3,79,-3,66,35,54
42683112457,82,9,5,110,-13,118,51,67
42683129020,36,8,2,43,31,46,-39,-30
42683129020,-34,2,-4,-24,46,-31,-76,-91
42683135115,-29,-7,-3,-27,-7,-29,6,6
42683135115,-39,-8,-2,-44,-32,-48,47,46
42683143975,19,-3,-3,9,-61,23,81,91
42683143975,28,-4,2,17,-41,24,18,5
42683157628,5,-6,-9,-4,-18,1,81,90
42683157628,22,13,0,1,0,16,-30,-59
42683166472,-61,-8,-4,-82,23,-59,-4,-9
42683166472,-39,-7,-4,-44,5,-45,-4,-6
42683172684,22,0,-4,20,-1,9,66,71
42683172684,-32,-12,-3,-20,1,-34,53,59
42683189007,-21,-5,0,-17,-29,-19,-35,-32
42683189007,27,4,3,33,-16,28,-37,-34
42683204048,37,4,2,37,-2,39,-23,-19
42683204048,-5,1,-3,3,-39,-5,-48,-47
42683205401,30,4,2,34,-7,21,39,28
42683205401,-44,-7,-4,-54,12,-52,60,59
42683217548,13,1,1,-18,-7,-3,-17,-7
42683217548,21,1,1,6,47,19,12,32
42683226437,-32,-3,-1,-25,8,-24,-61,-58
42683226437,22,5,5,28,-7,36,-39,-27
42683232659,47,9,6,27,36,40,2,45
42683232659,-7,-5,5,5,7,-30,15,7
42683248965,25,4,-5,19,28,-8,10,57
42683248965,-71,-1,-1,-13,-41,-25,-41,-52
42683255168,20,4,-4,7,-41,2,-30,-79
42683255168,76,-1,-6,-23,-41,-24,-36,-52
42683272257,12,4,-5,-46,2,-41,-59,-19
42683272257,-3,-3,-4,-39,-28,-25,-63,-51
42683286503,-15,-5,-6,-28,-18,-19,-59,-48
42683286503,-43,4,-3,-13,-46,-17,-37,-50
42683288076,16,1,3,2,-5,16,-1,-19
42683288076,-72,3,2,32,12,46,15,25
42683292635,-38,-1,-1,-8,-13,-9,-46,-3
42683292635,-11,-4,-1,-31,-7,-18,-22,-32
42683308979,42,-3,-6,7,-12,2,50,-20
42683308979,54,-4,-3,12,22,26,51,73
42683314985,14,0,-1,25,6,4,25,-7
42683314985,-9,0,1,1,16,23,50,39
42683323958,-23,3,2,-39,-18,-28,-65,-42
42683323958,22,6,-1,-1,-26,25,14,11
42683337431,7,1,3,5,-11,-6,-26,4
42683337431,11,-2,5,8,0,11,69,-18
42683346428,-28,-1,-2,15,-13,16,-10,44
42683346428,20,0,-5,7,-7,9,7,27
42683352410,23,-1,-2,-1,15,13,-6,7
42683352410,-28,2,1,-4,18,-20,-5,4
42683377091,-15,-8,1,7,4,12,43,-3
42683377091,-7,-4,0,16,8,-10,19,-9
42683377879,-19,-2,-3,13,3,-6,47,18
42683377879,-19,-3,-5,17,12,9,3,15
42683383997,-9,-5,-4,4,-6,-23,1,-21
42683383997,17,2,-2,6,1,-23,-14,-22
42683397663,-20,-1,2,50,-6,9,15,-27
42683397663,-12,3,-3,-6,7,15,-53,-82
42683406486,-13,-3,-4,-22,-17,21,-8,11
42683406486,26,1,-2,-57,26,-5,-23,-66
42683412670,23,3,3,-57,25,31,10,-5
42683412670,2,-2,-2,-107,15,-9,9,47
42683429103,-12,-2,15,-107,-8,-11,-10,-12
42683429103,15,-3,-1,-121,-16,-24,-4,-12
42683435232,13,0,3,-27,-12,-3,12,7
42683435232,16,3,-4,53,-2,-4,-1,27
42683443949,-107,2,0,101,-5,-1,27,12
42683443949,-23,-6,2,90,0,16,13,4
42683457740,-8,-7,6,-26,-1,15,-1,6
42683457740,19,1,15,16,-1,4,0,20
42683466512,26,-2,10,19,14,-17,7,-38
42683466512,-2,-1,-5,88,4,-8,3,-1
42683480062,-75,6,-39,-27,3,-1,0,-3
42683480062,-82,12,-57,-76,5,-88,-98,2
42683489144,43,32,-4,50,33,92,-8,-17
42683489144,35,13,27,73,29,-43,56,68
42683495129,112,-34,33,18,-1,-66,-95,-80
42683495129,107,-61,31,122,43,31,63,49
42683504015,60,-35,1,84,102,-34,67,92
42683504015,-53,9,-5,84,-5,63,77,45
42683526531,24,38,-11,60,-86,-19,115,102
42683526531,28,22,-31,-101,-94,22,-48,-85
42683527925,-39,2,-25,-128,2,75,-126,-125
42683527925,-64,-7,-10,-128,-3,22,-128,-128
42683540060,-96,-7,17,-103,73,-7,-31,-19
42683540060,-12,-1,12,-24,-4,-12,56,80
42683548969,114,-3,-1,-34,-58,85,24,13
42683548969,67,-5,-2,-24,11,13,-12,12
42683554922,-17,-1,-5,59,-62,-54,9,1
42683554922,-36,1,9,33,-5,-70,-17,-24
42683563954,-22,3,15,62,5,-93,-12,-2
42683563954,-1,-3,-2,23,29,-32,-5,17
42683577473,-32,-3,0,53,59,35,8,46
42683577473,23,1,5,7,64,37,-17,-19
42683586449,-59,-4,-11,-40,-7,-33,-12,5
42683586449,-15,-2,-4,-8,3,-3,38,23
42683599984,17,-2,4,1,40,34,15,-12
42683599984,-13,1,7,22,8,30,51,51
42683608942,-13,2,6,-39,-26,-26,4,17
42683608942,42,1,8,-11,-20,-9,27,29
42683614933,23,0,-3,-8,-18,12,5,1
42683614933,-13,4,1,15,-15,9,13,15
42683623966,13,-7,2,11,-2,-16,4,0
42683623966,9,1,-5,-11,4,7,-2,-3
42683637512,-2,4,-10,-33,33,23,-49,-44
42683637512,-2,3,0,-9,26,16,-25,-41
42683646442,-17,0,-1,-4,2,-13,7,6
42683646442,3,-1,0,-14,-12,-2,-4,7
42683659961,17,2,-5,25,-17,12,12,6
42683659961,-8,-1,-5,62,-40,10,87,83
42683668927,-13,-2,-7,26,-68,-8,96,78
42683668927,2,4,-1,2,-42,-9,12,19
42683675205,15,-4,-1,5,-20,6,10,6
42683675205,-14,1,-6,8,-1,12,10,-4
42683683988,-11,1,2,0,-6,-4,-5,0
42683683988,0,-6,-13,9,-7,-1,-2,-1
42683697687,5,0,-2,19,6,10,30,25
42683697687,-11,-2,7,-27,21,5,-40,-55
42683706557,-8,-3,0,-15,7,-8,-27,-19
42683706557,3,-2,12,12,4,-2,-6,-5
42683720150,-1,2,7,-22,7,-1,-45,-41
42683720150,-6,-2,7,38,-14,-1,3,7
42683729140,-2,1,5,-9,0,-12,-31,-22
42683729140,3,-4,1,-5,6,-6,-11,-2
42683735206,18,-2,-18,25,-15,9,17,17
42683735206,0,3,-14,-12,-10,-9,-7,2
42683743986,0,-1,-3,-11,6,12,-14,-26
42683743986,3,-4,-16,2,-32,-10,7,22
42683757590,0,-3,5,-12,5,-1,1,-5
42683757590,-4,-4,6,-24,7,-6,-28,-16
42683766502,-8,-1,-2,-3,4,-10,-15,-16
42683766502,1,0,-4,-9,2,13,4,-2
42683780027,-4,-1,-31,17,-2,6,1,0
42683780027,-6,-2,-25,11,-11,6,-3,-2
42683789020,-6,0,-7,0,-8,11,2,4
42683789020,2,-4,-7,5,-2,5,1,-3
42683803343,0,2,-8,3,-20,-17,42,30
42683803343,-4,-2,-18,5,-20,8,49,34
42683810027,-5,2,-30,36,-42,6,79,64
42683810027,-8,-4,-7,3,-39,21,17,13
42683817578,-5,-5,3,-1,-40,45,3,3
42683817578,-12,1,1,-3,-33,51,-1,0
42683826527,-3,-5,-41,13,-8,35,-7,-7
42683826527,-1,-4,-55,35,2,-12,2,-1
42683840171,2,-1,-23,13,-4,-48,10,10
42683840171,3,-1,-36,12,20,-97,0,2
42683848990,6,3,13,-10,58,-98,-87,-72
42683848990,5,-2,16,-14,92,-65,-120,-111
42683863169,-4,-2,23,-18,111,-13,-128,-127
42683863169,7,1,23,-23,117,23,-128,-128
42683869986,3,2,5,-1,111,48,-128,-116
42683869986,1,-2,-20,12,61,54,-56,-31
42683885446,1,-2,-1,-6,10,38,-9,4
42683885446,-2,-2,12,6,-43,18,28,34
42683893968,-4,-5,-8,10,-81,3,76,66
42683893968,-2,1,-8,1,-92,-6,106,79
42683899953,-2,-2,-27,21,-101,-3,127,112
42683899953,-3,-2,-20,9,-87,4,106,85
42683908962,-3,3,12,-9,-63,-3,24,14
42683908962,-3,0,14,-5,-40,-8,13,10
42683923098,2,0,12,-5,-9,-4,-9,-3
42683923098,-1,-3,12,-16,8,-12,-23,-18
42683931498,1,2,-32,16,10,-6,11,12
42683931498,-3,0,9,-5,10,2,6,1
42683947471,0,-2,3,-5,14,-9,-19,-53
42683947471,0,0,-6,-4,1,-5,-17,-15
42683952613,0,-6,10,-6,9,-8,9,3
42683952613,2,1,-6,-3,-2,-2,5,-1
42683960154,-2,0,-17,10,-3,-1,-8,-2
42683960154,2,-2,-7,-3,-5,0,1,13
42683968971,1,4,3,1,-12,-1,8,-2
42683968971,-2,0,17,-22,10,0,-21,-14
42683983366,1,-6,6,-9,10,-2,-2,4
42683983366,-2,0,-21,12,3,3,-14,-14
42683990141,-3,-2,8,-8,-1,-1,-11,6
42683990141,-2,0,7,-15,19,-4,-34,-21
42684006348,-4,-3,-5,0,11,7,-37,-39
42684006348,-3,0,0,0,-3,-7,-5,-9
42684007967,-2,-1,-2,-12,5,1,-15,-6
42684007967,-2,4,-14,8,-14,1,14,8
42684020167,3,1,2,-2,-2,-1,-10,4
42684020167,-2,-2,9,-5,1,-1,-3,1
42684028934,1,1,-4,-1,-2,-2,5,5
42684028934,-5,0,-10,5,15,4,-11,9
42684043254,-4,3,-16,7,12,-6,-16,9
42684043254,0,-1,7,-4,8,-1,-22,-7
42684050238,1,-2,-2,-2,-12,-2,7,9
42684050238,-2,-6,-2,6,-13,-5,27,7
42684066554,4,0,12,-1,-32,0,10,8
42684066554,1,3,1,1,-19,14,4,3
42684068041,-2,0,-6,5,-11,-6,-4,-8
42684068041,16,-2,9,-8,0,-3,-9,-13
42684080167,-4,1,-14,3,17,-6,-16,-4
42684080167,5,0,-7,-3,7,-6,-18,-12
42684089069,10,-7,-7,3,-3,4,4,12
42684089069,-17,1,-27,16,-20,14,34,29
42684103204,-14,1,-19,3,-17,-6,15,10
42684103204,2,-4,5,-8,-8,1,-17,-10
42684109980,-5,0,-8,9,2,13,-6,1
42684109980,-6,-1,-4,-6,-16,-3,20,13
42684126144,2,5,15,-15,-7,0,9,-1
42684126144,-12,2,-25,12,-42,7,50,36
42684132438,6,-5,14,-6,-47,-5,10,11
42684132438,10,-2,3,5,-70,27,45,37
42684139927,46,-3,4,66,-46,14,36,39
42684139927,25,-10,11,114,-30,5,17,14
42684148944,-2,-5,22,124,2,41,-2,2
42684148944,15,1,60,107,26,-9,-107,-32
42684163145,11,-4,11,17,27,-2,0,8
42684163145,4,1,21,-120,78,-98,-110,-100
42684169951,11,8,-10,-128,67,-45,-66,-103
42684169951,25,0,-47,-128,-4,37,65,66
42684186315,28,-4,-20,-105,-3,-22,45,61
42684186315,-113,-3,-9,-102,107,14,-80,-102
42684187903,95,-2,-36,88,100,78,26,-30
42684187903,-35,-5,-45,71,70,-43,-16,-69
42684200004,-82,-3,-19,-26,48,32,-46,-55
42684200004,-51,-3,-24,-53,26,48,-4,-20
42684209006,-40,-2,4,-128,4,9,-36,-15
42684209006,9,-7,4,-29,25,-4,-40,-40
42684223176,48,2,20,102,-32,44,37,26
42684223176,53,5,18,122,-65,35,30,37
42684229963,-96,-4,9,127,-76,-36,11,24
42684229963,-40,-4,4,109,-77,-15,-120,-116
42684246442,-85,-12,-23,-71,19,-37,-112,-83
42684246442,23,-6,-11,-18,60,6,-45,-43
42684248059,66,3,-10,-8,43,-37,-88,-30
42684248059,54,-3,4,-13,6,-23,116,107
42684259968,49,-1,11,35,-85,-15,85,83
42684259968,36,2,3,17,-127,11,127,127
42684269025,-10,-5,-5,-25,-90,-34,94,85
42684269025,-62,-12,4,-66,-16,-71,-22,-19
42684283392,-36,2,11,-4,-14,-17,-28,-49
42684283392,-58,-8,-18,-32,-18,-54,-19,-1
42684290139,-2,7,0,38,-5,42,-11,-17
42684290139,-50,-4,0,-73,22,-20,-72,-57
42684306489,56,7,6,44,9,43,3,1
42684306489,-2,-14,8,0,8,-26,-30,-12
42684308018,32,4,5,19,8,37,-23,-21
42684308018,-36,0,-5,-21,0,-8,-43,-34
42684320046,-14,0,-2,-1,-12,4,20,31
42684320046,21,10,-2,43,-1,18,-19,-24
42684329026,-4,0,-10,7,-10,-4,10,21
42684329026,23,-3,-8,-17,3,10,68,63
42684343375,-38,-6,-10,-31,-26,-23,-56,-78
42684343375,40,14,-2,18,-10,38,7,7
42684350176,-48,-8,-4,-71,-15,-40,-47,-49
42684350176,38,10,-1,22,-10,47,-15,-14
42684373855,-42,-6,-2,-32,34,-41,-7,-26
42684373855,-7,-3,6,-18,-49,-24,-41,-12
42684375482,21,3,9,12,-9,19,9,6
42684375482,35,9,7,39,30,34,49,47
42684380150,-25,0,5,-21,-51,-26,-51,-37
42684380150,21,1,8,29,31,23,67,53
42684389096,1,6,1,-7,-16,20,-35,-31
42684389096,-43,-3,-4,-64,-59,-48,-57,-50
42684403336,-14,-8,-8,-15,49,-20,47,52
42684403336,23,4,2,19,-7,20,37,34
42684417569,9,0,8,17,37,38,-32,-34
42684417569,0,5,18,0,-24,20,-7,-37
42684426359,-2,3,2,-13,-36,-15,-46,-46
42684426359,-13,-4,3,2,24,-1,-16,11
42684427931,25,-2,8,-28,-17,-17,-43,-30
42684427931,-64,1,1,-65,-58,-63,-61,-43
42684440014,53,4,0,51,64,51,77,79
42684440014,84,2,-2,-41,-22,-43,-46,-79
42684448938,18,-4,2,15,-8,9,64,63
42684448938,-31,-5,-7,-30,-29,-25,-52,-36
42684463192,-39,-4,-8,32,10,17,42,52
42684463192,-47,-1,-14,-28,0,-21,-13,-63
42684469973,-75,-6,-23,-15,7,-34,29,21
42684469973,24,-4,-19,-26,-3,2,-18,-48
42684486373,33,4,-17,-29,-34,-32,-51,-46
42684486373,1,2,-9,-14,-34,-12,-58,-47
42684487952,-39,-1,2,6,34,-13,38,50
42684487952,-83,0,8,46,91,21,93,38
42684500158,68,-2,7,-49,-29,-66,-86,-91
42684500158,5,-4,4,10,36,2,49,-48
42684509025,23,0,0,-26,25,-47,45,-39
42684509025,21,3,-4,-19,-15,-36,-38,-32
42684523750,56,3,0,-8,10,-17,-12,-40
42684523750,-33,3,-4,-9,-18,-40,-26,-23
42684530079,-44,-1,3,0,10,-1,16,27
42684530079,50,-3,2,-30,-31,-40,-44,-32
42684546389,-16,1,4,-36,-23,-14,-4,-76
42684546389,-40,0,5,10,3,32,5,20
42684547971,-20,-1,3,-9,-21,-20,-23,-27
42684547971,19,2,2,-4,-25,9,-41,-8
42684569046,-40,-2,4,-15,12,-12,12,-48
42684569046,-30,-3,2,23,44,5,57,58
42684570508,12,1,5,2,17,0,38,-14
42684570508,44,1,6,18,21,11,57,-28
42684583370,2,3,-1,-12,-34,-10,-56,-20
42684583370,13,-2,-4,-8,-27,-23,-24,-20
42684590158,20,-3,-13,2,-24,-6,-38,-23
42684590158,23,4,-16,-1,-20,-15,-12,-29
42684606472,15,-6,-9,17,-7,12,-52,0
42684606472,9,0,-8,15,-2,-9,-12,-4
42684607998,-23,1,-9,-27,2,-5,-21,-14
42684607998,-66,-5,-2,-18,20,14,18,25
42684620052,-64,-3,-4,-25,14,8,6,5
42684620052,7,-4,4,-6,12,30,-9,31
42684629023,7,-3,10,-63,-24,-27,-24,-68
42684629023,92,3,4,0,16,0,-33,25
42684643248,28,3,6,4,6,-9,21,11
42684643248,-46,-6,4,-4,-5,4,-6,-11
42684650239,-62,-5,-2,-17,-31,-42,-12,-40
42684650239,-7,-2,-6,30,11,-7,32,17
42684666373,16,4,-7,-20,8,-19,17,18
42684666373,-45,4,-24,-25,-3,-75,-27,-17
42684667996,103,25,-17,-5,-11,44,-19,-8
42684667996,16,24,-11,40,11,-47,6,4
42684680176,55,-20,19,25,1,4,3,7
42684680176,127,-53,72,41,-16,40,27,-20
42684689156,69,-32,63,-13,2,-41,-6,8
42684689156,-39,0,-30,106,69,56,68,69
42684711099,-69,24,-30,81,-7,68,56,-30
42684711099,-93,29,-37,-20,-111,-105,-108,-128
42684727838,-49,-3,-23,-35,-18,65,-128,-116
42684727838,115,-2,28,-76,-65,43,-18,-39
42684728631,51,-1,2,-112,-101,73,-128,-127
42684728631,-49,-3,3,-93,-43,44,-19,-55
42684732470,-19,4,17,38,-25,-70,2,62
42684732470,-70,-13,10,-26,-6,-38,28,23
42684739974,-11,-5,-12,16,7,-40,8,30
42684739974,47,3,-6,56,23,55,34,65
42684748948,-10,0,-30,36,34,29,66,62
42684748948,-17,-7,-20,7,-6,28,7,19
42684763163,-2,-4,-5,48,35,39,59,81
42684763163,69,3,-8,-3,54,-32,50,38
42684769974,-124,4,-15,20,11,63,55,52
42684769974,-24,-12,10,-38,-10,-6,-14,-66
42684785659,-8,-9,26,-1,4,-7,-25,-30
42684785659,18,2,16,36,40,24,43,59
42684792478,41,1,8,4,33,9,28,39
42684792478,-20,3,12,-18,-4,-10,9,-51
42684809470,-43,3,14,-23,-37,-28,-32,-11
42684809470,-9,3,8,18,54,33,50,-6
42684810928,7,2,6,9,-34,-20,-12,-13
42684810928,-5,1,0,7,24,30,-10,8
42684823381,-11,0,-12,-33,-49,-69,-56,-19
42684823381,-19,0,-14,-24,-25,-23,-17,-53
42684830183,25,0,-11,13,-11,-11,12,-8
42684830183,22,-3,-7,7,21,-21,4,-55
42684845930,2,-1,-7,9,9,-11,0,65
42684845930,3,-4,-15,10,30,24,40,59
42684852738,12,0,-3,-25,-2,5,0,-1
42684852738,14,-6,-5,-15,-44,-20,-62,-27
42684869083,-8,-4,-3,37,38,25,42,61
42684869083,-22,-1,-13,-22,1,-4,-10,-15
42684870512,8,-7,-4,-3,-14,-12,-26,44
42684870512,1,1,5,-5,5,14,11,3
42684882688,-19,0,4,21,2,1,21,-22
42684882688,1,1,1,-17,-38,-19,-60,-10
42684891536,0,2,0,-36,-22,-34,-63,-67
42684891536,-2,-1,3,17,40,21,46,-19
42684905720,-10,-4,-5,28,46,34,66,48
42684905720,6,5,7,20,23,23,53,51
42684912634,6,-7,4,20,30,29,78,53
42684912634,-9,-4,7,24,-9,36,-10,71
42684929053,2,-4,4,13,19,29,3,39
42684929053,-10,0,-1,13,7,41,4,64
42684930580,7,0,-7,21,30,32,47,45
42684930580,3,-6,-10,29,-4,42,4,90
42684943391,1,-1,-11,15,-1,27,4,52
42684943391,9,-1,-5,11,-29,12,-38,39
42684950232,3,-3,-7,0,-29,-25,-36,-25
42684950232,-11,3,-10,-25,-17,-22,-20,-16
42684965752,-1,-2,-13,-4,9,-19,8,-31
42684965752,-7,1,-15,18,-8,-6,-8,-15
42684972547,6,0,-8,11,-12,-18,-15,-9
42684972547,4,-1,-4,0,-19,-22,-19,6
42684988879,-5,3,11,-4,-16,-31,-20,-34
42684988879,-2,-2,13,-6,40,-14,53,1
42684990441,0,2,7,-21,-1,0,-5,-10
42684990441,-9,3,15,2,2,10,15,31
42685003226,-11,2,11,-21,16,20,17,-3
42685003226,-8,-1,8,-16,29,21,61,-8
42685009979,-9,2,18,18,74,58,112,85
42685009979,-1,-6,23,-26,5,16,12,19
42685025662,-23,-4,17,-18,-24,41,56,21
42685025662,-29,1,-2,-36,-27,25,24,58
42685032507,-10,1,-25,11,-26,107,-5,-6
42685032507,47,-1,-15,36,-109,78,-95,-101
42685048883,24,-5,2,55,-4,-29,-33,-43
42685048883,9,-1,1,22,-37,-103,-45,-12
42685050490,16,-1,13,-4,2,-128,5,8
42685050490,-23,-3,-8,4,37,14,37,32
42685062543,16,0,-16,-33,-68,29,-64,-66
42685062543,-9,-4,-8,52,-7,91,-7,-5
42685071719,-10,-6,-10,-32,-78,72,-90,-57
42685071719,14,-2,-12,28,2,17,10,9
42685085922,-12,-1,-11,-22,29,-19,0,1
42685085922,7,0,1,-2,29,11,-23,-19
42685092764,6,1,0,-7,36,-14,-29,-29
42685092764,-5,-1,13,49,64,-1,71,68
42685108954,-2,-4,13,28,85,9,25,20
42685108954,14,-5,5,-2,58,-13,-8,-10
42685110452,-4,-2,6,9,23,-8,13,2
42685110452,-3,2,-1,-34,15,-32,-8,0
42685122696,-5,2,-7,-4,31,9,32,29
42685122696,7,-3,-3,-10,-18,1,-19,-15
42685131576,-5,-3,-4,-8,-21,-21,-12,-11
42685131576,-10,-1,1,-10,-1,-16,-5,-2
42685145841,4,-2,0,-6,-14,-2,13,-9
42685145841,-3,0,0,-9,-33,2,-21,-25
42685152492,-7,-6,6,4,-7,-2,9,8
42685152492,1,2,-4,-12,-16,-9,-5,-4
42685169034,0,0,2,-15,-16,15,2,0
42685169034,2,-4,0,-27,-13,-4,1,8
42685170476,4,-2,-4,-5,-7,-1,8,8
42685170476,-3,2,-1,-20,-12,-4,-27,-22
42685182714,0,-4,-1,-1,-9,-3,-4,6
42685182714,0,1,-5,-3,-2,4,-2,-1
42685191658,5,2,6,-7,-5,-6,-15,6
42685191658,-1,-1,1,-10,-4,-6,-9,3
42685205859,1,5,-4,-5,-3,9,2,8
42685205859,0,-3,-4,0,-4,5,-2,0
42685212732,4,1,-7,1,-2,2,-2,5
42685212732,1,-8,-4,0,-6,5,-2,0
42685229056,-1,0,1,-21,3,-9,-35,-24
42685229056,2,0,1,10,-6,-1,4,7
42685230513,3,3,2,-12,4,-10,-10,-9
42685230513,-7,8,-3,7,8,-1,6,9
42685251518,11,1,-2,37,2,4,2,6
42685251518,-25,2,1,18,-3,1,-10,-5
42685253027,-11,3,-4,50,-2,-2,14,3
42685253027,-12,-3,-1,32,-1,2,-7,3
42685265906,-3,-4,1,34,1,2,-26,-11
42685265906,16,2,1,34,-3,0,-9,14
42685272687,11,-4,0,41,-1,2,-1,6
42685272687,-11,2,7,40,0,7,-5,-1
42685288964,-5,0,2,53,1,-1,82,53
42685288964,8,2,-2,19,3,4,9,9
42685290577,1,2,-2,8,3,10,5,1
42685290577,19,0,-1,-1,-2,-7,4,-1
42685302530,-24,-1,1,-3,4,-16,-2,-1
42685302530,3,-2,3,-8,-1,-7,6,-13
42685319035,16,0,1,27,5,-2,-1,0
42685319035,-9,6,3,77,8,0,-3,0
42685325757,9,6,-1,14,12,-4,-11,10
42685325757,3,-3,4,-26,33,-2,7,6
42685332496,20,1,13,-9,53,12,45,31
42685332496,20,-2,13,-86,3,3,1,2
42685348027,26,-5,7,-64,0,-3,-35,-5
42685348027,6,2,-1,-28,7,6,38,41
42685356466,0,-1,-13,-122,-19,-5,-23,-12
42685356466,18,2,-32,-79,-2,4,-11,-13
42685362528,40,14,3,-54,-28,23,-30,-34
42685362528,14,-2,13,-37,-39,-25,-75,-68
42685371483,30,3,-8,-4,-29,-21,-67,-58
42685371483,53,-2,-30,-22,-68,-53,-69,-62
42685385680,110,3,-39,-9,-56,-28,-60,-64
42685385680,-79,2,-32,13,-1,-2,-27,-56
42685392455,-97,-8,-19,44,-2,-21,1,-1
42685392455,-6,-7,-5,20,17,40,-5,-5
42685408836,-8,-6,6,-13,-36,24,-44,-24
42685408836,52,-5,10,19,-45,-49,-64,-41
42685410448,-20,-3,19,56,-31,-30,-54,-49
42685410448,-31,-2,24,62,0,20,1,8
42685422487,-83,-5,16,24,13,11,17,12
42685422487,-40,3,-1,-31,-41,3,-46,-48
42685431472,101,1,-9,-49,-16,-5,-8,-3
42685431472,-14,-2,-1,-11,-8,-14,-11,-8
42685445749,-38,-5,-11,10,16,3,21,7
42685445749,-35,-3,-12,18,14,3,14,17
42685452512,-14,4,-7,20,9,24,-2,-6
42685452512,12,1,5,-7,-4,0,-21,-21
42685468866,-7,-2,18,39,41,10,33,17
42685468866,10,0,14,-5,15,-4,26,26
42685470459,0,-3,12,-21,-23,4,-30,-26
42685470459,0,-6,9,-11,21,-5,15,0
42685482512,-32,-2,-11,-13,0,-33,-5,-6
42685482512,53,0,-13,4,17,2,29,25
42685491510,-9,3,-4,-11,8,-18,4,-5
42685491510,-19,2,-1,21,-9,3,-20,-19
42685505792,18,0,-6,-10,-9,-13,-7,-5
42685505792,11,2,-6,-4,-2,-6,19,22
42685512595,-14,-5,-3,-13,7,0,4,7
42685512595,-5,-3,-1,-33,10,-24,8,9
42685529066,17,-1,-3,12,-3,19,-13,-16
42685529066,-1,3,2,6,-8,19,-14,-15
42685530486,16,0,2,1,-8,4,19,11
42685530486,5,-1,1,-5,3,-2,-9,13
42685542696,4,-2,2,4,25,4,-7,-8
42685542696,-11,-3,5,-1,17,1,-37,-34
42685551628,-18,0,4,-21,-11,-8,-49,-54
42685551628,-10,0,2,-27,9,-9,-65,-71
42685565690,-20,-4,0,-13,40,1,-3,9
42685565690,38,4,1,18,-1,18,55,47
42685572513,-7,-7,-6,-9,0,0,-3,0
42685572513,10,3,3,11,25,6,48,44
42685588891,-42,-7,-12,-26,8,-19,-61,-64
42685588891,-12,-5,-2,-11,21,5,-54,-54
42685590486,-25,-7,-9,-47,-71,-49,-27,-25
42685590486,0,-1,3,12,-28,15,41,37
42685602572,-5,0,5,-8,-20,-11,-7,-11
42685602572,-22,-2,0,-33,27,0,-62,-60
42685611597,-4,-3,-1,13,82,33,-56,-55
42685611597,-11,-8,-1,-14,39,-22,10,15
42685625916,17,-2,5,-11,-2,-19,13,12
42685625916,9,2,-1,3,52,1,-1,6
42685632617,-4,-1,-1,-1,71,-1,10,13
42685632617,-11,-3,-5,-41,9,-28,-88,-90
42685648360,6,-6,2,15,68,19,22,14
42685648360,-30,-4,-5,4,50,-8,28,9
42685655012,33,-1,-2,-16,-30,-20,-30,-28
42685655012,55,-1,-3,14,-39,3,-30,-15
42685662485,34,-1,-1,30,12,27,24,22
42685662485,-29,0,-3,19,10,8,9,14
42685671601,70,14,0,-6,33,-13,-24,-22
42685671601,-47,-2,-13,-7,6,8,-19,-25
42685685726,28,4,-7,-19,26,-11,-7,-72
42685685726,47,0,1,33,50,29,70,71
42685692513,-23,-2,2,9,40,-10,31,24
42685692513,-68,5,6,-47,-60,-53,-69,-73
42685708192,57,5,3,-30,-59,-39,-71,-61
42685708192,3,-7,-1,-21,4,-2,-3,-2
42685715020,7,-6,3,8,-27,5,-3,5
42685715020,24,-5,-6,-15,-4,-12,-30,-35
42685731185,-37,-3,1,13,24,29,42,55
42685731185,17,-4,2,-1,-17,18,-28,44
42685737516,-1,-4,3,19,20,39,42,75
42685737516,15,2,2,-4,19,-10,65,-38
42685745720,-15,-1,15,-19,8,6,9,7
42685745720,-15,-1,-19,-16,-48,-39,-13,-64
42685752467,-23,-7,-14,41,11,90,16,7
42685752467,8,-5,15,25,15,50,4,19
42685768190,-16,1,5,-45,-96,-71,-109,-119
42685768190,-18,-4,-3,-18,-17,-16,-9,-16
42685775004,-12,2,0,-7,-12,-44,-12,-23
42685775004,14,-2,-8,44,11,112,10,16
42685791127,-4,0,-5,31,-15,62,-13,-3
42685791127,12,2,8,4,-16,43,-19,-15
42685797517,-5,0,-3,-57,-39,-102,-102,-53
42685797517,7,-1,-4,1,-1,-16,-24,-4
42685805677,-9,0,-5,-5,-3,-8,-42,2
42685805677,0,1,-9,1,-11,-8,-15,-21
42685812520,-5,-1,0,-4,-12,3,27,-2
42685812520,3,1,-2,-7,5,-18,29,5
42685828206,-6,-5,-6,-10,-7,15,-1,-3
42685828206,12,0,-3,0,-10,10,26,35
42685842684,8,4,4,-17,-7,40,2,-6
42685842684,2,-1,4,-47,-15,-17,-32,-61
42685851410,5,2,-7,-24,3,79,26,-1
42685851410,23,3,11,-30,-9,-26,-19,-27
42685852978,45,5,11,15,13,-32,1,21
42685852978,-2,1,1,-6,1,-21,-12,14
42685865947,-53,-5,-1,15,21,-31,-13,52
42685865947,-69,-2,18,12,-8,8,-18,-14
42685872592,-22,0,1,33,8,18,60,49
42685872592,4,1,-6,40,5,-10,11,15
42685888475,42,4,-20,-9,-11,-18,-12,4
42685888475,47,-3,-33,-2,0,47,-16,-8
42685902581,-73,6,-25,-6,-3,-3,4,-11
42685902581,118,23,8,71,-1,-37,-1,11
42685911434,-59,23,30,32,4,78,17,8
42685911434,36,-27,52,16,2,-51,1,-4
42685913067,80,-41,38,-8,0,1,-11,-19
42685913067,-51,-28,-1,-6,11,75,-14,45
42685926581,-11,6,-22,10,-44,-76,-52,-50
42685926581,-111,20,-34,47,-20,5,46,43
42685932680,-73,17,-16,-43,-84,-53,-45,-80
42685932680,-123,-4,-16,-128,-107,-24,-3,15
42685947700,-59,-7,-60,-118,-36,-14,-87,-102
42685947700,-21,5,-5,-124,-76,-36,-109,-98
42685955301,82,-3,28,47,-43,-65,-13,7
42685955301,-34,-5,15,65,27,79,87,26
42685978269,-9,-8,17,13,-6,3,51,30
42685978269,-18,-4,-14,-27,-73,-4,-80,-100
42685978965,-45,0,-21,39,19,33,-5,5
42685978965,50,4,-12,-22,-9,-81,-86,-95
42685986578,46,-4,7,0,29,-33,-40,-52
42685986578,29,-1,7,-7,79,-15,-24,1
42685992559,7,4,2,-38,25,9,-34,-40
42685992559,2,-1,6,9,-4,-10,16,2
42686007630,-27,-6,8,16,20,3,36,29
42686007630,-11,-4,8,4,1,21,-6,40
42686015088,-21,7,-15,-13,0,10,6,5
42686015088,40,0,-21,3,30,-2,-7,49
42686030796,-16,0,7,14,4,-12,14,13
42686030796,33,-3,4,17,-7,-9,33,7
42686031523,5,-2,-4,-12,-26,34,-9,18
42686031523,-10,-2,-3,-41,-7,-27,-39,-50
42686046713,25,5,8,2,-30,-12,8,15
42686046713,-10,2,-2,6,12,6,2,1
42686060710,-22,-2,2,-20,45,12,13,0
42686060710,24,1,3,-14,29,1,-19,-6
42686067499,23,-10,2,-14,25,-1,7,6
42686067499,5,-1,-18,-9,39,43,12,4
42686083220,-9,0,-10,-33,22,39,3,7
42686083220,-24,1,-1,-16,3,0,-6,-7
42686090640,8,-3,10,11,-16,9,-6,5
42686090640,-3,2,11,23,-13,-6,14,11
42686091432,-6,-3,14,-3,-22,1,-45,-34
42686091432,-7,1,3,27,-30,-21,-17,-8
42686106486,-12,2,-1,2,-8,-7,28,11
42686106486,17,3,11,8,-10,-30,0,-3
42686112468,3,-3,-3,2,-5,-14,6,16
42686112468,-25,2,-3,8,-6,1,-2,4
42686127490,7,-3,-5,8,0,-28,-4,-3
42686127490,2,0,-6,-9,-2,0,-1,-19
42686134997,-4,-2,-4,3,-10,15,-2,1
42686134997,-7,-6,-7,23,-6,-2,-2,-1
42686150688,5,-5,-1,18,8,11,-1,0
42686150688,5,-2,-1,7,-3,-12,3,6
42686151472,-10,-1,-4,-53,11,-14,-45,-63
42686151472,-7,1,11,-52,-13,-9,-15,-17
42686173172,-2,-5,-1,-63,-19,-21,-9,-7
42686173172,1,1,-6,-55,-12,9,-7,-2
42686173946,4,-1,-7,-18,-12,9,10,7
42686173946,4,-3,-4,-22,1,-8,-11,-13
42686187553,2,-2,0,-25,-2,17,-11,-5
42686187553,1,0,-3,-31,10,-5,-13,-20
42686195020,0,1,-1,-1,-3,3,-2,-2
42686195020,0,-6,1,-58,1,5,-13,-11
42686210681,2,-4,-1,20,-1,6,-5,-4
42686210681,-5,-4,-5,24,-8,-6,-5,-3
42686211469,-8,0,-2,16,-4,-5,1,-1
42686211469,-4,-3,-3,13,-9,-1,-7,-4
42686234645,-2,0,-11,20,2,-10,4,5
42686234645,1,0,4,19,-3,-24,105,103
42686235456,3,-1,-3,23,-16,26,119,121
42686235456,-3,1,1,68,2,112,127,127
42686247514,-25,1,-6,-2,69,92,34,-16
42686247514,-25,-1,-8,-95,102,86,-117,-119
42686255041,-18,0,-5,-75,-61,-16,-21,-26
42686255041,6,1,-2,54,-104,-115,84,89
42686270446,15,0,8,39,-62,-126,126,127
42686270446,-4,3,1,-47,54,-124,-3,-56
42686277572,27,0,2,74,70,-122,-107,-116
42686277572,-2,-5,-3,-17,2,-9,-67,-76
42686293396,9,2,0,9,-76,72,-29,-17
42686293396,-1,0,-6,49,-50,110,31,38
42686294041,-6,-1,-4,-32,36,127,-75,-69
42686294041,2,-3,3,-23,31,71,-128,-128
42686307724,7,-2,1,-16,32,35,-128,-128
42686307724,0,-4,1,25,-24,21,-75,90
42686315186,-2,-1,-1,10,-5,-2,9,56
42686315186,-5,-1,-1,26,5,-1,111,110
42686330806,-8,-3,1,-17,8,-17,108,107
42686330806,6,-4,-2,3,-16,-28,84,23
42686331522,-4,1,-3,42,-4,-2,29,37
42686331522,-2,-3,0,-5,13,-18,-16,-6
42686346556,-3,-5,-3,33,2,-3,73,89
42686346556,4,-7,4,32,-29,-25,39,49
42686352724,3,-4,4,10,-13,-14,61,56
42686352724,-5,4,-4,-9,15,1,-1,-21
42686367677,3,-2,-1,-18,6,-17,-22,-24
42686367677,3,1,1,11,-18,-13,-15,-13
42686383244,-7,-7,2,-18,-1,19,-5,-9
42686383244,5,3,-4,-16,8,-10,-15,-3
42686390909,2,-4,-1,-3,-7,-7,-29,-18
42686390909,-1,0,18,-28,4,-9,-82,-82
42686391554,2,1,7,-16,-7,-3,-10,-15
42686391554,-1,0,3,-26,-7,-2,-15,-12
42686406532,-4,5,-4,-7,0,-12,-15,-8
42686406532,4,-4,-10,14,-6,3,16,-5
42686412714,3,-1,-2,-1,7,-16,15,10
42686412714,-1,-2,0,1,1,-2,-3,3
42686427621,-2,3,6,-25,4,-6,-20,-19
42686427621,-4,4,4,-16,-8,-5,-22,-23
42686435253,-2,-2,5,-3,-11,6,9,2
42686435253,-16,-3,1,-16,7,-7,-2,6
42686458354,6,-4,8,-22,7,-12,-50,-50
42686458354,-6,0,6,-3,-3,-10,-7,-8
42686459096,-6,1,6,-18,4,0,-17,-1
42686459096,-5,-3,-8,2,2,6,-8,-9
42686466636,14,-4,-6,4,-4,3,3,28
42686466636,2,-3,-5,16,-9,8,11,0
42686472734,-1,3,0,-9,2,-1,-21,-4
42686472734,-27,-3,4,-9,3,-2,-13,-5
42686489020,-4,-1,2,-6,1,-9,-18,-17
42686489020,19,-1,-2,2,4,-1,-12,1
42686495101,13,1,-4,3,-3,3,9,-1
42686495101,-29,0,-7,25,-2,1,-1,1
42686510709,-20,-1,-16,32,-2,14,-3,-6
42686510709,-13,-2,-2,25,-9,7,22,2
42686511444,2,-2,3,68,-11,-8,33,3
42686511444,29,-1,12,49,0,7,10,1
42686526539,-6,3,3,94,-1,-1,16,4
42686526539,0,2,4,108,-4,-1,25,24
42686532727,5,1,-2,119,-4,-7,20,1
42686532727,10,-3,0,-42,0,-4,-5,-10
42686547708,2,1,7,-101,4,-8,-40,-32
42686547708,5,-3,2,-128,3,-10,-65,-43
42686555132,-15,-7,-10,-128,-1,5,-24,-18
42686555132,11,0,-4,-93,8,-2,-28,-10
42686570921,6,-2,-7,8,5,-1,-9,-6
42686570921,-12,-1,-3,18,0,0,2,-1
42686571575,-16,2,3,-41,19,-26,2,-28
42686571575,14,2,3,38,47,56,-8,-15
42686586574,-22,-4,10,-117,40,-49,-52,-48
42686586574,32,-4,31,-33,38,-10,32,43
42686592837,1,4,53,-80,94,-18,75,79
42686592837,59,0,70,-60,112,19,5,6
42686607627,45,-3,49,55,32,83,29,23
42686607627,33,2,20,47,-34,4,67,8
42686623225,34,-1,-41,67,-72,-3,39,-5
42686623225,-108,3,-101,35,-26,-36,-5,-9
42686630054,-58,4,-83,23,-33,8,55,34
42686630054,-51,-2,-66,-17,-8,-25,-21,-62
42686637529,-6,-4,-42,48,11,41,-59,-45
42686637529,26,-5,-20,36,-58,-33,46,30
42686646574,34,-5,-8,21,-56,-31,-48,-52
42686646574,10,0,-7,28,35,18,-9,-1
42686652495,-16,-4,12,2,-30,10,-42,-42
42686652495,-27,-1,29,63,-8,30,56,57
42686667520,-40,2,18,-16,-54,-26,-41,-37
42686667520,-16,-4,6,-20,-55,20,-66,-64
42686675002,1,0,-4,-3,11,-10,-38,-32
42686675002,34,-1,-5,-59,-60,-49,-74,-78
42686698186,40,-2,1,-23,-50,-6,-27,-30
42686698186,17,1,13,-2,-3,7,-14,-15
42686698951,-6,0,12,-12,-65,-13,-57,-52
42686698951,15,0,-2,18,-69,8,-8,-9
42686713191,5,-2,12,30,69,26,64,59
42686713191,-2,-2,8,5,-8,-18,57,66
42686713964,-39,0,17,-23,-4,-63,14,20
42686713964,-29,2,12,-4,21,-28,13,-6
42686727520,-4,-1,-8,-15,19,20,-16,-33
42686727520,26,-4,-9,38,45,64,71,70
42686735042,13,-3,-9,-43,-36,-24,-31,-34
42686735042,-4,-5,1,4,52,39,-12,-61
42686758201,-37,-2,-2,8,26,30,24,-4
42686758201,-11,-1,-6,7,14,21,4,-5
42686759037,18,2,1,67,67,74,89,86
42686759037,8,-2,6,-46,-60,-77,-80,-74
42686773209,-15,1,9,19,6,-14,-5,-4
42686773209,-14,-1,0,-17,-29,-9,-23,-26
42686773985,0,-3,2,-17,-16,-17,-50,-52
42686773985,11,-2,3,-9,-52,-33,65,76
42686787622,14,-1,-2,5,-28,-10,13,17
42686787622,4,-2,-3,34,25,5,43,44
42686795131,2,-4,-8,-17,-57,11,-29,35
42686795131,-4,-2,-4,-15,35,15,-44,-41
42686810200,16,0,-6,-3,3,-19,24,26
42686810200,-5,-4,-4,-7,-54,-12,-59,-23
42686817734,-9,-4,-7,6,63,-1,24,6
42686817734,5,-4,1,-8,-23,-1,5,-42
42686833367,-1,2,0,3,-18,-13,2,25
42686833367,-11,-1,-5,-42,-7,-25,-44,-57
42686834044,0,-4,-2,44,50,29,81,54
42686834044,0,0,-5,-1,-45,-11,33,44
42686847568,-2,-6,-4,-19,-53,-12,-41,-51
42686847568,-9,1,-2,-7,6,-20,5,-2
42686855264,-2,0,-2,-45,-18,-30,-57,-73
42686855264,-1,-5,-2,24,87,29,54,0
42686871663,-2,-4,2,8,51,13,50,39
42686871663,1,-2,0,-7,-21,3,2,5
42686877594,4,4,-2,42,37,32,65,56
42686877594,18,6,1,-18,46,32,53,87
42686893375,0,-2,3,-36,-7,1,-3,-34
42686893375,9,1,4,12,12,3,48,35
42686894008,16,-1,-2,-30,-48,-16,-23,-37
42686894008,23,2,1,3,-30,-2,-57,-40
42686907594,5,-3,4,-19,29,-18,-36,-34
42686907594,-3,0,-3,-32,32,-8,-29,-81
42686915179,2,-3,-2,57,46,51,75,69
42686915179,-4,-3,-5,-39,-72,-51,-69,-57
42686930244,11,-3,-6,30,-5,19,53,55
42686930244,2,2,-2,6,-30,12,-14,3
42686945974,-12,-4,2,-3,15,-10,37,39
42686945974,6,-1,-1,49,90,47,54,65
42686953411,0,6,1,-36,-27,-29,-78,-74
42686953411,7,2,3,26,18,1,12,62
42686954038,16,1,4,7,-48,19,-45,-7
42686954038,2,-3,6,2,50,10,48,47
42686967662,-1,-1,16,0,15,6,-37,-42
42686967662,-9,2,-40,-55,-66,-29,-66,-64
42686975009,5,-4,-21,36,50,19,55,45
42686975009,1,4,18,8,-34,8,-12,-12
42686990034,2,-1,0,22,23,-9,41,62
42686990034,-1,1,-4,6,-9,14,-36,-34
42686997601,-4,1,-3,-46,28,-32,-3,-34
42686997601,-1,-3,-13,9,-30,16,3,15
42687013156,2,-4,-7,22,-17,39,2,60
42687013156,9,1,-25,87,60,47,86,65
42687013948,-12,0,9,-3,-47,-37,-73,-71
42687013948,-3,2,33,-20,18,-26,-1,-27
42687027559,13,0,-3,21,43,17,3,36
42687027559,2,-6,-10,81,-23,20,4,8
42687035056,23,-2,6,-12,-27,-10,-16,7
42687035056,49,3,-1,-92,-18,-17,-59,-22
42687050040,31,3,13,-47,-35,-1,-28,-11
42687050040,-23,2,20,-100,-20,-12,9,7
42687065743,-6,4,17,-35,-14,10,19,10
42687065743,48,-2,-5,-9,-61,1,-2,4
42687073176,46,3,-5,48,-17,17,12,-12
42687073176,37,-1,13,82,53,7,66,60
42687073973,2,-1,5,37,44,24,-11,-30
42687073973,-17,-4,-11,39,42,15,-7,2
42687087543,-6,2,-10,-6,1,1,-2,-13
42687087543,-27,-9,4,-17,32,-24,13,-15
42687095232,-25,0,-3,-8,35,1,11,8
42687095232,-32,1,-7,-6,50,-8,-29,3
42687110254,-20,-2,8,9,28,-18,22,7
42687110254,-24,-6,22,2,9,-7,-16,-3
42687117776,19,-4,-4,22,5,22,8,13
42687117776,0,-7,-3,42,-9,14,3,-8
42687133338,-27,3,1,-10,-19,3,-57,-36
42687133338,-6,-2,1,-18,-13,10,-1,27
42687134035,-2,-2,-5,3,-30,-1,-6,9
42687134035,-25,-3,-5,21,-14,3,7,7
42687147538,-10,1,-8,-22,-15,-13,7,-10
42687147538,13,1,-3,-9,-10,-5,49,19
42687155078,8,-1,3,-26,-12,-5,-48,-20
42687155078,-11,4,-2,-17,0,-6,-12,-25
42687170119,-3,-3,-4,-2,-8,2,6,-4
42687170119,7,3,0,-7,-3,-2,-31,-26
42687177550,1,0,-4,-8,-5,1,-39,-14
42687177550,-12,-3,-8,16,-4,4,35,44
42687193377,-9,-5,-2,19,-10,-5,10,9
42687193377,-2,3,9,2,-1,2,-11,-15
42687194092,-5,-2,-3,4,-3,-4,4,8
42687194092,4,-2,0,14,-2,-3,-2,-4
42687207676,-3,-7,4,-26,6,-3,-44,-28
42687207676,1,-5,0,-8,2,-2,-19,-12
42687215177,6,-1,-6,5,11,2,13,6
42687215177,6,-2,2,-1,6,4,-17,-7
42687230215,5,0,-3,13,-3,2,11,2
42687230215,15,-3,-1,-9,7,4,-26,-20
42687237663,3,-1,-3,6,5,0,25,10
42687237663,-7,2,-13,3,7,1,-33,12
42687253282,-3,-2,20,-11,5,-4,-8,-15
42687253282,-3,-6,-14,3,5,-1,-2,7
42687254080,-1,0,-5,13,-2,6,12,4
42687254080,-5,-1,6,11,-3,24,4,-4
42687267713,0,2,-18,16,-2,11,40,27
42687267713,7,-1,2,-4,-5,-10,1,-2
42687275240,-1,3,1,14,4,-40,33,41
42687275240,-1,0,9,-8,-3,22,-14,-18
42687298270,-4,-2,-4,4,-5,14,4,9
42687298270,-5,-1,15,-16,5,13,0,-9
42687299040,-3,-2,9,-15,-5,-8,-21,-15
42687299040,-2,2,-5,2,-5,-5,23,9
42687313230,-8,-7,-3,-3,3,-4,7,19
42687313230,2,2,-26,17,0,-10,23,40
42687313966,-2,-1,-25,18,-6,14,39,43
42687313966,0,-4,17,-20,-1,-5,-41,-43
42687327547,-2,-2,24,-27,5,-2,-21,-32
42687327547,1,3,27,-29,2,0,-26,-20
42687335045,4,0,-11,7,2,9,-5,-12
42687335045,-1,-2,-28,18,-2,4,22,11
42687350031,-1,4,-12,8,-2,-9,5,7
42687350031,4,0,8,-8,8,3,-31,-18
42687365729,1,6,24,-26,6,6,-37,-45
42687365729,1,-5,-2,-10,5,-14,-4,-17
42687373360,4,-2,-18,18,-1,0,17,13
42687373360,0,0,-18,15,-7,3,11,9
42687374098,2,-3,-19,17,-15,10,-3,1
42687374098,-1,-8,-4,-5,-5,-9,-6,-2
42687389110,2,0,6,-8,-8,-2,-10,-8
42687389110,-5,0,12,-12,0,0,-8,-22
42687395054,-3,-5,-7,2,-2,-1,19,15
42687395054,-8,1,12,-21,6,-4,-26,-38
42687410035,0,-5,-11,19,2,0,21,17
42687410035,0,-2,1,6,4,-3,-11,-1
42687417587,0,-2,2,-3,2,-2,-19,-23
42687417587,-4,-5,-5,7,-4,-6,10,15
42687433394,3,0,-12,-2,-6,-3,-6,-3
42687433394,-5,0,-13,0,5,3,-7,-6
42687434052,7,-2,25,-33,-4,-3,-46,-55
42687434052,6,-1,1,0,1,1,5,-15
42687455741,4,-2,15,-8,4,-4,-34,-18
42687455741,5,-1,-10,0,-8,1,9,-1
42687456514,0,4,-6,17,0,6,17,24
42687456514,-1,6,-1,5,-2,-4,-10,6
42687470264,1,-3,3,-15,-1,4,-11,-14
42687470264,4,-3,35,-21,6,-5,-57,-15
42687477604,-10,-2,22,-25,4,-4,-41,-40
42687477604,-2,-1,-5,15,0,2,8,5
42687493289,-6,0,-15,5,-4,-2,8,8
42687493289,-2,-2,-9,2,-9,-1,3,1
42687494047,0,-4,24,-22,1,0,-36,-34
42687494047,-2,-2,-1,-1,0,2,3,-7
42687507672,1,1,-7,24,-3,3,13,21
42687507672,-1,0,-22,3,-9,-5,-2,-8
42687515234,-3,-1,-2,12,-8,-2,15,17
42687515234,-4,-1,9,-2,-5,-3,-11,-1
42687531690,0,1,1,-6,6,2,13,-1
42687531690,-7,2,17,-26,-2,-5,-34,-41
42687537645,-1,-2,-4,-4,1,2,5,-5
42687537645,-2,-2,-8,15,-3,1,-8,2
42687552674,-4,0,4,-14,1,-5,-17,-20
42687552674,1,-3,11,-7,1,-2,-12,-8
42687560767,0,1,-3,-8,2,-2,0,-10
42687560767,0,0,-13,20,-8,4,16,28
42687567789,0,3,1,-16,-4,-1,-17,-20
42687567789,-2,-4,3,14,-2,1,11,7
42687575210,-4,-4,5,-1,1,-3,-6,4
42687575210,0,3,-14,4,-2,-5,31,18
42687590249,-2,0,23,-24,2,-7,-47,-47
42687590249,-1,-3,2,5,2,0,17,0
42687597609,4,-1,-22,12,-5,2,0,4
42687597609,2,2,10,-10,4,-1,-24,-16
42687612633,-2,-7,-3,-7,-1,0,6,-12
42687612633,-2,0,-18,21,-5,3,29,30
42687628998,-3,-1,-20,15,-2,1,1,4
42687628998,-4,1,-1,1,-5,1,-3,-2
42687630636,-1,-4,-1,0,-8,1,-5,0
42687630636,-1,1,-13,-1,-1,5,18,8
42687635133,-1,0,22,-8,4,-5,-20,-5
42687635133,0,-1,3,-24,4,-1,-17,-30
42687650135,-1,1,-18,12,-2,2,1,4
42687650135,1,-3,12,-15,-1,-4,-29,-12
42687657598,-5,-1,-2,10,0,4,22,21
42687657598,0,-1,-14,0,2,-3,-10,-9
42687672845,-2,-1,7,0,0,-4,-6,-5
42687672845,-3,-1,-8,3,2,-3,17,8
42687680959,-3,1,12,-7,4,2,-24,8
42687680959,4,-5,20,-15,0,-1,-14,-7
42687695759,-4,-1,-16,14,-5,2,13,14
42687695759,1,0,-18,3,-4,2,1,-3
42687696549,3,2,1,-14,-6,-4,-7,-27
42687696549,-1,0,-9,13,0,-1,4,8
42687710205,-3,-1,-18,-6,-4,2,-8,-3
42687710205,1,-2,0,-6,0,-3,-5,-8
42687717785,-2,-1,-4,-3,3,-5,-1,-4
42687717785,-3,-2,-2,1,-6,-1,14,19
42687732811,-1,-5,23,-26,8,-7,-35,-30
42687732811,-1,1,-4,6,0,1,-9,-11
42687740894,-2,-2,-20,12,-6,0,27,20
42687740894,-1,0,27,-33,-1,-9,-56,-40
42687755907,2,-4,4,20,-2,4,15,30
42687755907,-2,-2,-22,-1,-5,4,-1,1
42687756596,7,-4,-7,1,-6,0,0,-3
42687756596,-5,3,1,-3,1,3,-4,-4
42687770207,0,4,21,-21,-4,-4,-29,-23
42687770207,-1,-2,11,-7,1,-3,-13,-18
42687777639,-6,-6,-11,0,3,-1,6,2
42687777639,1,0,11,-18,-2,-3,-34,-30
42687792804,2,4,-4,14,2,1,6,5
42687792804,0,-3,5,-6,-4,-1,-2,-2
42687800739,-1,1,11,-9,-2,1,-15,-13
42687800739,1,-5,-14,10,-1,0,37,25
42687815839,-6,-2,19,-24,4,-5,-33,-33
42687815839,5,1,6,5,1,0,-14,-8
42687816641,0,4,10,-6,-1,0,-14,-10
42687816641,-1,-1,-11,11,1,1,13,-1
42687830266,2,1,-7,1,-2,-1,5,1
42687830266,-9,-1,0,0,-4,-2,-9,-8
42687837850,-3,0,-3,1,-2,2,10,10
42687837850,4,0,12,-15,5,-3,-30,-32
42687852550,-3,-4,-3,9,2,-2,3,0
42687852550,-4,-1,1,-5,-5,-5,0,5
42687860829,1,2,5,-17,5,0,-13,-26
42687860829,1,2,-10,13,-1,-3,-7,4
42687875860,-1,-1,-11,7,-4,2,5,6
42687875860,0,-1,9,-9,-2,2,-1,-4
42687876582,-2,3,-4,-9,3,-7,-20,-24
42687876582,-3,-1,-8,9,-7,1,1,2
42687890161,-1,0,-4,-7,-3,-4,2,0
42687890161,2,0,-4,20,8,3,9,16
42687897566,-3,-6,4,9,-5,0,2,1
42687897566,-4,1,3,2,-3,3,6,7
42687914028,2,-2,7,-11,1,-2,-3,-1
42687914028,-3,-5,-3,-28,3,-2,-20,-33
42687920759,2,-4,-22,15,-6,2,9,12
42687920759,0,-1,27,-20,3,-7,-42,-29
42687935759,0,-7,-16,26,-5,5,33,31
42687935759,2,3,-8,-1,-2,0,-4,-4
42687936588,-2,1,3,-3,-5,-2,-4,1
42687936588,2,-2,12,-4,1,-3,0,11
42687950013,-6,-1,15,1,-1,0,-11,-11
42687950013,-1,0,-11,8,-4,-5,11,12
42687957573,-3,0,24,-27,-3,-6,-57,-29
42687957573,-2,-1,-12,18,-7,2,-3,-1
42687972529,0,2,-11,3,0,1,-4,-3
42687972529,-2,-2,6,-9,-2,-3,-5,0
42687980751,0,1,2,-13,0,-1,-18,-27
42687980751,-3,-4,-15,4,-1,0,3,-1
42687995737,-1,-2,-6,-7,-3,-2,-4,-2
42687995737,-2,-1,-7,-3,1,2,16,1
42687996580,0,-6,-24,22,0,-3,10,7
42687996580,-4,0,0,-1,-3,-4,2,9
42688018233,-5,1,1,-9,-2,-1,-3,-5
42688018233,1,1,7,-18,-2,-1,-34,-34
42688019040,-2,0,-23,21,0,3,19,12
42688019040,2,-1,-10,3,-3,-2,13,6
42688032581,0,-1,-14,-9,0,-3,2,-16
42688032581,3,2,-21,0,-3,1,-10,-7
42688040772,1,5,-1,7,-1,1,4,6
42688040772,-4,4,14,-8,5,-2,-9,4
42688055728,4,0,-4,10,-1,2,-12,-7
42688055728,1,-4,-3,11,-4,2,7,11
42688056579,-5,-2,-3,-10,6,-4,10,-7
42688056579,4,-4,0,-9,1,1,-3,-9
42688070024,-1,2,-17,10,-1,1,20,12
42688070024,-1,-3,26,-19,4,-4,-40,-36
42688085822,-2,-4,-3,13,-5,0,0,2
42688085822,-5,-4,-12,5,-2,-1,8,0
42688092796,-2,-3,19,-25,6,-7,-37,-36
42688092796,-7,-3,-9,24,-4,5,14,22
42688100920,4,1,3,-4,-2,-1,-4,-3
42688100920,0,0,-4,-6,-4,0,4,-4
42688123947,2,-6,8,-16,-1,0,-30,-28
42688123947,0,1,5,7,2,-2,-3,-5
42688124692,0,-3,0,-2,-2,3,-2,1
42688124692,2,0,-3,-12,2,-2,-8,-21
42688130101,-2,-1,-8,-2,-5,-4,2,2
42688130101,-3,2,-16,3,-2,0,23,16
42688137804,-5,-5,13,-27,4,-6,-35,-35
42688137804,-2,0,-3,10,-1,4,-6,-8
42688152639,-6,7,-5,8,-3,1,6,8
42688152639,-1,-3,20,-19,1,-2,-38,-26
42688160826,2,2,-4,16,-2,2,4,6
42688160826,-3,3,-7,1,-3,-2,-6,-6
42688175532,0,-1,7,1,-4,-1,1,5
42688175532,4,2,1,-8,3,-2,-12,-19
42688191613,-3,3,-18,11,-6,-2,1,-2
42688191613,0,-3,-9,7,-2,-4,2,5
42688193095,-2,0,10,-14,7,-4,-14,-17
42688193095,1,-4,-26,4,-3,-3,-2,-2
42688197597,2,-3,5,-3,2,2,-2,0
42688197597,0,2,8,-8,0,-3,-1,2
42688212655,4,1,-12,14,-2,-2,4,-6
42688212655,0,-1,-8,2,-1,1,3,1
42688221585,-4,-3,24,-25,0,-5,-35,-22
42688221585,-3,2,-1,16,-3,1,7,10
42688235898,2,3,-11,9,-1,-1,-7,-1
42688235898,-7,-4,13,3,-4,-4,8,15
42688236589,-3,2,-12,9,1,3,17,6
42688236589,2,3,-11,-3,-2,0,-10,-7
42688250089,-1,-1,-1,-1,-1,-1,13,2
42688250089,3,2,-10,1,-5,-1,-1,-2
42688265764,1,1,-7,3,-3,2,11,10
42688265764,2,-4,8,-23,2,-4,-25,-30
42688272591,2,-3,-12,12,-8,0,-2,2
42688272591,0,3,-9,7,-1,3,12,6
42688280767,1,1,-2,2,-5,-2,19,10
42688280767,0,-1,-5,-3,-1,-3,-2,-5
42688295711,1,-6,3,-3,-3,-5,-1,8
42688295711,-4,4,11,-15,-1,-6,-25,-28
42688296489,-1,-6,-4,3,-2,2,-11,-4
42688296489,-5,-4,22,-17,0,-2,-27,-19
42688311613,-2,-1,-11,2,-2,-2,0,0
42688311613,-2,-3,-5,-8,-2,-1,-4,-2
42688317545,1,0,14,-12,-2,-1,-26,-6
42688317545,-1,-3,-5,8,2,1,5,-1
42688332627,1,-1,-5,-7,0,0,-14,-8
42688332627,-2,-1,9,-14,0,-4,-23,-24
42688340801,-3,0,-17,6,-3,-2,4,1
42688340801,0,-4,-4,1,-1,-1,-1,8
42688363955,-1,-2,18,-15,-2,0,-28,-6
42688363955,-1,-1,-20,8,-4,0,13,12
42688364684,1,0,18,-24,4,-5,-39,-35
42688364684,0,0,-1,8,-4,-2,-4,2
42688370097,-2,1,-5,1,-3,2,1,-3
42688370097,0,-4,28,-13,1,-3,-26,-12
42688377595,5,3,7,10,1,-1,1,1
42688377595,-2,-2,-7,3,0,-2,0,-3
42688392508,-5,-5,18,-23,2,-2,-30,-28
42688392508,-2,-1,-17,2,-3,1,-2,1
42688408243,3,0,-7,7,-3,2,15,13
42688408243,-1,0,-2,-9,2,2,-2,-12
42688415691,-3,-6,-17,10,-1,-2,16,12
42688415691,2,1,7,-5,2,-1,-7,-2
42688416478,-3,-5,-18,9,-2,-7,3,0
42688416478,-4,0,-6,5,-5,-1,-2,6
42688431573,-2,2,3,-9,0,-4,-13,-21
42688431573,2,-1,-4,11,-3,-4,-2,0
42688437596,-3,1,-5,-9,4,1,-2,-9
42688437596,4,0,-3,-4,-1,-3,-1,0
42688452711,0,-5,-10,7,0,-3,21,16
42688452711,3,-1,4,5,2,0,9,5
42688468375,-1,2,0,3,-4,2,6,4
42688468375,2,-1,-13,4,-1,1,22,9
42688475949,-3,4,-1,-9,-1,-3,-3,-1
42688475949,-2,-1,-10,9,-3,-1,18,10
42688476673,-1,-3,-3,-17,0,-6,-7,-6
42688476673,5,2,-12,-4,-3,-2,-8,-5
42688498452,-1,-3,20,-15,-3,1,-44,-20
42688498452,0,-2,7,16,2,0,2,16
42688499103,-5,2,-3,8,-1,-1,-3,-2
42688499103,-3,4,14,-11,-2,-5,-8,-2
42688512829,-1,2,7,10,6,2,4,3
42688512829,-1,1,-9,-7,0,0,-11,-15
42688521022,1,-1,7,13,0,1,7,19
42688521022,-1,-4,2,9,-1,1,-2,0
42688535346,0,0,0,4,0,-3,1,0
42688535346,-5,-3,17,-3,0,-1,-10,-6
42688543306,-3,-5,-2,0,-5,1,-5,-1
42688543306,-3,-1,5,10,-3,-1,-6,0
42688550288,1,1,2,3,-6,0,3,7
42688550288,2,1,-11,-5,2,1,0,-13
42688557663,1,0,-8,-3,-6,1,-6,-8
42688557663,-2,1,0,3,-2,1,-4,6
42688572741,-2,-1,-9,0,0,1,2,1
42688572741,-4,-3,2,-6,1,-5,2,3
42688580947,0,1,0,-12,-1,-1,-11,-9
42688580947,1,5,-14,5,0,4,-7,-6
42688595185,3,5,-1,-4,2,-4,-9,-11
42688595185,1,0,-17,-3,-3,1,-8,-3
42688603307,1,1,-12,5,-2,0,17,7
42688603307,-3,-1,-4,-16,2,0,-4,-11
42688618229,-2,-2,-11,2,-3,1,-2,0
42688618229,1,0,-4,9,-4,4,6,12
42688619041,-2,3,2,1,0,3,-10,-7
42688619041,-2,-3,4,-6,0,-4,-2,2
42688632598,5,3,-12,11,-2,1,-3,-1
42688632598,-3,-3,21,-14,-4,-1,-32,-20
42688640766,1,-2,-24,25,-6,3,6,12
42688640766,-3,-5,-9,6,-1,-1,14,12
